date,it_power_kw,outside_temp_c,pue,avg_inlet_c,max_inlet_c,avg_outlet_c,avg_cpu_pct,net_gbps,facility_power_kw
2026-06-28,733.364,35.734,1.393,23.035,26.399,34.592,43.247,6926.32,1021.89
2026-06-29,764.416,34.059,1.387,22.895,26.494,34.795,46.116,6405.519,1059.924
2026-06-30,765.331,35.141,1.394,22.887,26.16,34.814,46.25,6405.486,1067.173
2026-07-01,765.022,35.2,1.399,22.903,26.389,34.829,46.301,6397.496,1070.435
2026-07-02,764.994,35.828,1.393,22.898,26.208,34.829,46.249,6416.482,1065.868
2026-07-03,763.471,36.23,1.402,22.882,26.282,34.777,46.028,6396.263,1070.147
2026-07-04,713.879,35.392,1.399,22.891,26.325,34.115,40.398,6402.042,998.761
2026-07-05,714.695,36.876,1.395,22.902,26.471,34.164,40.41,6394.278,996.873
2026-07-06,765.443,36.357,1.404,22.89,26.264,34.826,46.368,6395.487,1074.511
2026-07-07,765.065,35.929,1.398,22.899,26.068,34.839,46.251,6409.526,1069.734
2026-07-08,764.8,35.393,1.396,22.904,26.309,34.797,46.116,6398.489,1067.596
2026-07-09,764.3,35.242,1.394,22.884,26.323,34.802,46.131,6392.69,1065.66
2026-07-10,764.654,35.655,1.4,22.91,26.246,34.836,46.233,6396.791,1070.555
2026-07-11,714.563,35.892,1.402,22.89,26.411,34.102,40.372,6406.338,1001.926
2026-07-12,714.604,35.229,1.392,22.905,26.349,34.121,40.338,6406.975,994.794
2026-07-13,764.21,36.613,1.401,22.893,26.399,34.811,46.126,6383.284,1070.837
2026-07-14,764.731,36.557,1.402,22.888,26.356,34.791,46.146,6392.189,1071.982
2026-07-15,764.301,35.897,1.399,22.897,26.351,34.806,46.236,6405.534,1069.419
2026-07-16,763.892,35.396,1.396,22.904,26.134,34.823,46.077,6395.0,1066.132
2026-07-17,764.396,36.245,1.399,22.892,26.349,34.821,46.163,6399.539,1069.477
2026-07-18,713.588,35.626,1.393,22.896,26.214,34.116,40.312,6402.193,994.032
2026-07-19,713.285,37.547,1.405,22.905,26.456,34.112,40.29,6393.074,1002.117
2026-07-20,765.291,36.348,1.399,22.895,26.107,34.806,46.235,6392.012,1070.539
2026-07-21,765.426,35.714,1.395,22.899,26.469,34.838,46.277,6393.968,1067.81
2026-07-22,765.65,36.384,1.402,22.901,26.206,34.828,46.318,6399.134,1073.111
2026-07-23,764.915,36.175,1.398,22.89,26.202,34.798,46.288,6400.106,1069.386
2026-07-24,763.906,36.655,1.399,22.899,26.318,34.821,46.157,6408.238,1068.87
2026-07-25,713.511,36.443,1.403,22.9,26.342,34.134,40.439,6387.913,1001.225
2026-07-26,713.855,36.219,1.399,22.899,26.209,34.126,40.38,6405.016,998.557
2026-07-27,764.737,36.207,1.397,22.894,26.304,34.814,46.192,6405.491,1068.033
2026-07-28,764.67,35.488,1.394,22.895,26.43,34.827,46.188,6397.827,1066.124
2026-07-29,765.452,34.801,1.392,22.887,26.075,34.819,46.185,6402.934,1065.73
2026-07-30,765.677,35.3,1.399,22.904,26.461,34.83,46.301,6399.833,1070.995
2026-07-31,765.572,36.512,1.403,22.903,26.164,34.831,46.226,6390.365,1073.753
2026-08-01,715.572,36.618,1.402,22.898,26.318,34.115,40.386,6409.097,1003.201
2026-08-02,713.572,35.519,1.394,22.891,26.371,34.123,40.393,6409.022,994.487
2026-08-03,764.605,37.427,1.408,22.901,26.361,34.829,46.297,6406.537,1076.388
2026-08-04,764.06,35.562,1.393,22.895,26.046,34.837,46.229,6400.164,1064.527
2026-08-05,763.795,36.469,1.408,22.896,26.388,34.814,46.102,6410.205,1075.248
2026-08-06,763.865,36.268,1.401,22.907,26.272,34.82,46.222,6404.434,1070.285
2026-08-07,764.018,35.99,1.4,22.889,26.287,34.791,46.165,6404.303,1069.767
2026-08-08,714.852,35.873,1.399,22.905,26.352,34.135,40.35,6400.005,1000.005
2026-08-09,713.518,35.877,1.399,22.901,26.417,34.141,40.412,6412.104,997.921
2026-08-10,765.348,35.544,1.401,22.893,26.444,34.817,46.289,6398.84,1071.924
2026-08-11,764.01,35.97,1.399,22.891,26.366,34.818,46.19,6408.661,1069.011
2026-08-12,764.273,35.015,1.397,22.896,26.271,34.818,46.225,6403.517,1067.682
2026-08-13,762.623,36.859,1.403,22.884,26.322,34.791,45.998,6415.176,1069.892
2026-08-14,763.506,35.769,1.394,22.891,26.427,34.805,46.078,6412.921,1064.279
2026-08-15,713.909,35.501,1.394,22.908,26.32,34.125,40.264,6406.261,995.206
2026-08-16,714.817,34.678,1.389,22.895,26.594,34.142,40.43,6392.088,993.158
2026-08-17,766.052,35.486,1.399,22.904,26.317,34.851,46.393,6401.229,1071.44
2026-08-18,764.08,35.338,1.394,22.888,26.489,34.81,46.227,6393.174,1065.272
2026-08-19,765.325,35.419,1.4,22.903,26.354,34.841,46.252,6410.966,1071.527
2026-08-20,764.093,35.4,1.399,22.897,26.092,34.787,46.093,6380.618,1068.872
2026-08-21,764.117,34.716,1.392,22.899,26.155,34.803,46.067,6394.982,1063.78
2026-08-22,714.283,34.478,1.392,22.902,26.203,34.136,40.418,6402.73,994.09
2026-08-23,712.998,34.782,1.395,22.903,26.226,34.113,40.268,6413.295,994.963
2026-08-24,763.132,35.712,1.398,22.901,26.272,34.814,46.103,6394.25,1067.015
2026-08-25,765.409,34.824,1.395,22.897,26.282,34.817,46.12,6396.813,1067.669
2026-08-26,766.236,34.61,1.39,22.889,26.253,34.833,46.321,6380.599,1065.402
2026-08-27,763.735,34.577,1.391,22.918,26.193,34.857,46.234,6396.164,1062.693
2026-08-28,766.362,34.786,1.39,22.907,26.635,34.876,46.441,6400.995,1065.225
2026-08-29,715.149,34.708,1.387,22.929,26.359,34.166,40.452,6401.653,991.989
2026-08-30,713.242,34.759,1.396,22.938,26.215,34.147,40.339,6401.806,995.975
2026-08-31,763.814,35.029,1.402,22.96,26.557,34.867,46.072,6393.725,1070.508
2026-09-01,765.009,34.029,1.393,22.96,26.22,34.876,46.231,6395.466,1065.607
2026-09-02,764.646,33.646,1.389,22.984,26.388,34.923,46.224,6407.702,1061.936
2026-09-03,763.538,34.734,1.394,22.996,26.088,34.909,46.159,6396.651,1064.408
2026-09-04,763.734,34.692,1.398,23.014,26.349,34.941,46.203,6397.468,1067.507
2026-09-05,713.168,34.311,1.395,23.032,26.402,34.244,40.199,6399.124,995.171
2026-09-06,715.068,33.784,1.395,23.046,26.591,34.293,40.464,6406.221,997.674
2026-09-07,763.967,34.692,1.399,23.045,26.258,34.962,46.146,6398.13,1069.072
2026-09-08,765.007,34.703,1.401,23.069,26.405,34.993,46.193,6388.804,1071.507
2026-09-09,763.279,34.23,1.402,23.084,26.556,34.993,46.025,6407.772,1069.929
2026-09-10,766.133,33.353,1.394,23.099,26.747,35.049,46.377,6399.506,1068.317
2026-09-11,765.51,33.52,1.388,23.104,27.088,35.036,46.297,6399.758,1062.907
2026-09-12,713.731,32.899,1.389,23.115,27.354,34.352,40.262,6395.86,991.454
2026-09-13,713.887,32.815,1.393,23.127,27.202,34.364,40.363,6398.79,994.101
2026-09-14,764.069,34.382,1.398,23.154,27.247,35.09,46.269,6396.182,1068.193
2026-09-15,763.48,34.008,1.405,23.157,27.573,35.071,46.14,6407.239,1072.4
2026-09-16,764.11,33.31,1.396,23.183,27.527,35.091,46.152,6404.512,1066.473
2026-09-17,764.964,31.767,1.39,23.194,27.518,35.139,46.24,6396.143,1063.052
2026-09-18,763.205,32.832,1.397,23.201,28.031,35.096,45.995,6401.383,1066.195
2026-09-19,714.625,33.448,1.401,23.227,28.375,34.475,40.363,6388.315,1001.403
2026-09-20,713.361,32.706,1.401,23.24,28.326,34.461,40.345,6383.978,999.723
2026-09-21,765.014,33.216,1.397,23.254,28.306,35.178,46.242,6412.785,1068.459
2026-09-22,764.488,31.983,1.392,23.258,28.435,35.175,46.13,6384.315,1064.426
2026-09-23,764.824,31.684,1.397,23.281,28.383,35.208,46.198,6403.23,1068.701
2026-09-24,770.586,31.825,1.397,23.285,29.029,35.264,46.793,6700.066,1076.571
2026-09-25,773.488,31.447,1.395,23.303,29.049,35.324,47.054,6839.895,1078.838
2026-09-26,659.583,27.149,1.363,22.876,28.238,33.089,32.037,5341.136,899.131
