asset_id,server_id,rack_id,component,vendor,workload,sku,failure_timestamp,degrade_window_start
A02-S5-DIMM,A02-S5,A02,dimm,Lenovo,web,MEM-DDR5-64G-4800,2026-08-09T12:00:00,2026-08-07T12:00:00
A02-S6-DIMM,A02-S6,A02,dimm,Lenovo,web,MEM-DDR5-64G-4800,2026-09-18T18:00:00,2026-09-10T00:00:00
A02-S8-DIMM,A02-S8,A02,dimm,Lenovo,web,MEM-DDR5-64G-4800,2026-07-29T18:00:00,2026-07-27T18:00:00
A08-S7-DIMM,A08-S7,A08,dimm,Lenovo,web,MEM-DDR5-64G-4800,2026-07-08T06:00:00,2026-07-02T00:00:00
A09-S1-DIMM,A09-S1,A09,dimm,Dell,web,MEM-DDR5-64G-4800,2026-07-28T00:00:00,2026-07-25T12:00:00
A09-S2-DIMM,A09-S2,A09,dimm,Dell,web,MEM-DDR5-64G-4800,2026-08-16T06:00:00,2026-08-13T18:00:00
A09-S5-DIMM,A09-S5,A09,dimm,Dell,web,MEM-DDR5-64G-4800,2026-08-23T06:00:00,2026-08-17T12:00:00
A09-S8-DIMM,A09-S8,A09,dimm,Dell,web,MEM-DDR5-64G-4800,2026-08-15T00:00:00,2026-08-07T12:00:00
A10-S3-DIMM,A10-S3,A10,dimm,HPE,web,MEM-DDR5-64G-4800,2026-08-01T00:00:00,2026-07-27T18:00:00
A10-S8-DIMM,A10-S8,A10,dimm,HPE,web,MEM-DDR5-64G-4800,2026-07-12T06:00:00,2026-07-09T18:00:00
A13-S5-DIMM,A13-S5,A13,dimm,HPE,web,MEM-DDR5-64G-4800,2026-09-12T00:00:00,2026-09-09T18:00:00
A15-S2-DIMM,A15-S2,A15,dimm,Dell,web,MEM-DDR5-64G-4800,2026-09-04T12:00:00,2026-09-01T12:00:00
A16-S1-DIMM,A16-S1,A16,dimm,HPE,web,MEM-DDR5-64G-4800,2026-08-28T06:00:00,2026-08-19T18:00:00
A18-S8-DIMM,A18-S8,A18,dimm,Dell,web,MEM-DDR5-64G-4800,2026-09-19T06:00:00,2026-09-13T12:00:00
B02-S7-DIMM,B02-S7,B02,dimm,Dell,virtualization,MEM-DDR5-64G-4800,2026-07-06T06:00:00,2026-06-29T06:00:00
B04-S3-DIMM,B04-S3,B04,dimm,Lenovo,virtualization,MEM-DDR5-64G-4800,2026-09-15T18:00:00,2026-09-11T12:00:00
B04-S5-DIMM,B04-S5,B04,dimm,Lenovo,virtualization,MEM-DDR5-64G-4800,2026-09-01T12:00:00,2026-08-25T18:00:00
B05-S3-DIMM,B05-S3,B05,dimm,Dell,virtualization,MEM-DDR5-64G-4800,2026-07-29T00:00:00,2026-07-19T12:00:00
B09-S1-DIMM,B09-S1,B09,dimm,HPE,virtualization,MEM-DDR5-64G-4800,2026-08-27T18:00:00,2026-08-19T06:00:00
B11-S8-DIMM,B11-S8,B11,dimm,Dell,virtualization,MEM-DDR5-64G-4800,2026-09-11T18:00:00,2026-09-04T00:00:00
B16-S8-DIMM,B16-S8,B16,dimm,Lenovo,virtualization,MEM-DDR5-64G-4800,2026-07-31T06:00:00,2026-07-25T18:00:00
B17-S4-DIMM,B17-S4,B17,dimm,Dell,virtualization,MEM-DDR5-64G-4800,2026-07-12T18:00:00,2026-07-06T12:00:00
C01-S3-DIMM,C01-S3,C01,dimm,Dell,database,MEM-DDR5-64G-4800,2026-07-07T00:00:00,2026-07-01T00:00:00
C02-S5-DIMM,C02-S5,C02,dimm,HPE,database,MEM-DDR5-64G-4800,2026-08-04T12:00:00,2026-07-31T00:00:00
C03-S1-DIMM,C03-S1,C03,dimm,Lenovo,database,MEM-DDR5-64G-4800,2026-08-13T00:00:00,2026-08-10T00:00:00
C03-S5-DIMM,C03-S5,C03,dimm,Lenovo,database,MEM-DDR5-64G-4800,2026-09-08T00:00:00,2026-09-04T00:00:00
C03-S8-DIMM,C03-S8,C03,dimm,Lenovo,database,MEM-DDR5-64G-4800,2026-07-29T18:00:00,2026-07-20T18:00:00
C05-S4-DIMM,C05-S4,C05,dimm,HPE,database,MEM-DDR5-64G-4800,2026-08-15T00:00:00,2026-08-08T18:00:00
C06-S6-DIMM,C06-S6,C06,dimm,Lenovo,database,MEM-DDR5-64G-4800,2026-08-11T18:00:00,2026-08-05T00:00:00
C10-S4-DIMM,C10-S4,C10,dimm,Dell,database,MEM-DDR5-64G-4800,2026-09-16T12:00:00,2026-09-13T12:00:00
C14-S1-DIMM,C14-S1,C14,dimm,HPE,database,MEM-DDR5-64G-4800,2026-09-05T00:00:00,2026-08-27T00:00:00
C14-S8-DIMM,C14-S8,C14,dimm,HPE,database,MEM-DDR5-64G-4800,2026-09-17T00:00:00,2026-09-10T06:00:00
C17-S1-DIMM,C17-S1,C17,dimm,HPE,database,MEM-DDR5-64G-4800,2026-07-23T00:00:00,2026-07-19T12:00:00
C17-S6-DIMM,C17-S6,C17,dimm,HPE,database,MEM-DDR5-64G-4800,2026-08-13T18:00:00,2026-08-11T18:00:00
C20-S2-DIMM,C20-S2,C20,dimm,HPE,database,MEM-DDR5-64G-4800,2026-08-23T06:00:00,2026-08-14T18:00:00
C20-S6-DIMM,C20-S6,C20,dimm,HPE,database,MEM-DDR5-64G-4800,2026-08-26T18:00:00,2026-08-24T00:00:00
C20-S7-DIMM,C20-S7,C20,dimm,HPE,database,MEM-DDR5-64G-4800,2026-09-06T18:00:00,2026-09-03T18:00:00
D02-S7-DIMM,D02-S7,D02,dimm,Lenovo,storage,MEM-DDR5-64G-4800,2026-08-26T06:00:00,2026-08-18T12:00:00
D03-S2-DIMM,D03-S2,D03,dimm,Dell,storage,MEM-DDR5-64G-4800,2026-09-15T18:00:00,2026-09-09T00:00:00
D04-S6-DIMM,D04-S6,D04,dimm,HPE,storage,MEM-DDR5-64G-4800,2026-08-19T00:00:00,2026-08-16T18:00:00
D07-S6-DIMM,D07-S6,D07,dimm,HPE,storage,MEM-DDR5-64G-4800,2026-08-29T00:00:00,2026-08-23T06:00:00
D08-S8-DIMM,D08-S8,D08,dimm,Lenovo,storage,MEM-DDR5-64G-4800,2026-07-31T12:00:00,2026-07-24T18:00:00
D10-S5-DIMM,D10-S5,D10,dimm,HPE,storage,MEM-DDR5-64G-4800,2026-08-03T18:00:00,2026-07-26T12:00:00
D11-S6-DIMM,D11-S6,D11,dimm,Lenovo,storage,MEM-DDR5-64G-4800,2026-09-02T00:00:00,2026-08-29T00:00:00
D14-S2-DIMM,D14-S2,D14,dimm,Lenovo,storage,MEM-DDR5-64G-4800,2026-08-22T06:00:00,2026-08-13T00:00:00
D14-S8-DIMM,D14-S8,D14,dimm,Lenovo,storage,MEM-DDR5-64G-4800,2026-08-06T06:00:00,2026-08-01T00:00:00
D15-S2-DIMM,D15-S2,D15,dimm,Dell,storage,MEM-DDR5-64G-4800,2026-09-02T12:00:00,2026-08-26T00:00:00
D17-S2-DIMM,D17-S2,D17,dimm,Lenovo,storage,MEM-DDR5-64G-4800,2026-07-20T06:00:00,2026-07-18T00:00:00
D17-S4-DIMM,D17-S4,D17,dimm,Lenovo,storage,MEM-DDR5-64G-4800,2026-08-28T00:00:00,2026-08-25T12:00:00
D18-S2-DIMM,D18-S2,D18,dimm,Dell,storage,MEM-DDR5-64G-4800,2026-07-11T00:00:00,2026-07-07T06:00:00
E01-S7-DIMM,E01-S7,E01,dimm,Lenovo,ai,MEM-DDR5-64G-4800,2026-07-27T00:00:00,2026-07-22T06:00:00
E03-S7-DIMM,E03-S7,E03,dimm,HPE,ai,MEM-DDR5-64G-4800,2026-08-11T00:00:00,2026-08-04T18:00:00
E10-S8-DIMM,E10-S8,E10,dimm,Lenovo,ai,MEM-DDR5-64G-4800,2026-07-04T18:00:00,2026-07-01T06:00:00
E12-S1-DIMM,E12-S1,E12,dimm,HPE,ai,MEM-DDR5-64G-4800,2026-09-15T12:00:00,2026-09-11T00:00:00
E12-S7-DIMM,E12-S7,E12,dimm,HPE,ai,MEM-DDR5-64G-4800,2026-09-07T18:00:00,2026-09-03T00:00:00
E14-S2-DIMM,E14-S2,E14,dimm,Dell,ai,MEM-DDR5-64G-4800,2026-09-11T18:00:00,2026-09-03T18:00:00
E14-S4-DIMM,E14-S4,E14,dimm,Dell,ai,MEM-DDR5-64G-4800,2026-09-06T12:00:00,2026-08-31T12:00:00
E16-S1-DIMM,E16-S1,E16,dimm,Lenovo,ai,MEM-DDR5-64G-4800,2026-09-07T06:00:00,2026-09-03T12:00:00
E17-S5-DIMM,E17-S5,E17,dimm,Dell,ai,MEM-DDR5-64G-4800,2026-07-27T18:00:00,2026-07-18T06:00:00
E17-S7-DIMM,E17-S7,E17,dimm,Dell,ai,MEM-DDR5-64G-4800,2026-09-18T06:00:00,2026-09-10T00:00:00
E18-S6-DIMM,E18-S6,E18,dimm,HPE,ai,MEM-DDR5-64G-4800,2026-07-27T00:00:00,2026-07-21T18:00:00
A02-S6-DISK,A02-S6,A02,disk,Lenovo,web,SSD-NVME-U2-3T84,2026-09-15T12:00:00,2026-09-06T06:00:00
A03-S2-DISK,A03-S2,A03,disk,Dell,web,SSD-NVME-U2-3T84,2026-07-23T00:00:00,2026-07-17T06:00:00
A04-S4-DISK,A04-S4,A04,disk,HPE,web,SSD-NVME-U2-3T84,2026-09-07T18:00:00,2026-08-30T18:00:00
A04-S6-DISK,A04-S6,A04,disk,HPE,web,SSD-NVME-U2-3T84,2026-08-06T12:00:00,2026-08-04T00:00:00
A05-S2-DISK,A05-S2,A05,disk,Lenovo,web,SSD-NVME-U2-3T84,2026-08-27T18:00:00,2026-08-23T00:00:00
A05-S6-DISK,A05-S6,A05,disk,Lenovo,web,SSD-NVME-U2-3T84,2026-07-16T18:00:00,2026-07-10T18:00:00
A07-S5-DISK,A07-S5,A07,disk,HPE,web,SSD-NVME-U2-3T84,2026-09-11T18:00:00,2026-09-07T06:00:00
A07-S7-DISK,A07-S7,A07,disk,HPE,web,SSD-NVME-U2-3T84,2026-07-22T18:00:00,2026-07-13T18:00:00
A07-S8-DISK,A07-S8,A07,disk,HPE,web,SSD-NVME-U2-3T84,2026-08-29T12:00:00,2026-08-27T06:00:00
A09-S4-DISK,A09-S4,A09,disk,Dell,web,SSD-NVME-U2-3T84,2026-09-14T06:00:00,2026-09-09T06:00:00
A12-S2-DISK,A12-S2,A12,disk,Dell,web,SSD-NVME-U2-3T84,2026-08-31T18:00:00,2026-08-26T00:00:00
A13-S3-DISK,A13-S3,A13,disk,HPE,web,SSD-NVME-U2-3T84,2026-09-16T12:00:00,2026-09-11T18:00:00
A14-S1-DISK,A14-S1,A14,disk,Lenovo,web,SSD-NVME-U2-3T84,2026-09-02T18:00:00,2026-08-24T00:00:00
A14-S3-DISK,A14-S3,A14,disk,Lenovo,web,SSD-NVME-U2-3T84,2026-08-04T18:00:00,2026-07-28T06:00:00
A15-S3-DISK,A15-S3,A15,disk,Dell,web,SSD-NVME-U2-3T84,2026-08-13T12:00:00,2026-08-08T18:00:00
A16-S2-DISK,A16-S2,A16,disk,HPE,web,SSD-NVME-U2-3T84,2026-08-10T18:00:00,2026-08-01T06:00:00
A18-S6-DISK,A18-S6,A18,disk,Dell,web,SSD-NVME-U2-3T84,2026-08-04T18:00:00,2026-07-27T12:00:00
B03-S6-DISK,B03-S6,B03,disk,HPE,virtualization,SSD-NVME-U2-3T84,2026-09-14T00:00:00,2026-09-08T00:00:00
B03-S8-DISK,B03-S8,B03,disk,HPE,virtualization,SSD-NVME-U2-3T84,2026-07-09T12:00:00,2026-07-02T18:00:00
B05-S8-DISK,B05-S8,B05,disk,Dell,virtualization,SSD-NVME-U2-3T84,2026-08-12T18:00:00,2026-08-06T00:00:00
B07-S7-DISK,B07-S7,B07,disk,Lenovo,virtualization,SSD-NVME-U2-3T84,2026-09-20T06:00:00,2026-09-14T00:00:00
B08-S7-DISK,B08-S7,B08,disk,Dell,virtualization,SSD-NVME-U2-3T84,2026-08-08T18:00:00,2026-07-30T06:00:00
B09-S6-DISK,B09-S6,B09,disk,HPE,virtualization,SSD-NVME-U2-3T84,2026-07-24T18:00:00,2026-07-16T00:00:00
B13-S1-DISK,B13-S1,B13,disk,Lenovo,virtualization,SSD-NVME-U2-3T84,2026-08-28T18:00:00,2026-08-19T06:00:00
B17-S6-DISK,B17-S6,B17,disk,Dell,virtualization,SSD-NVME-U2-3T84,2026-08-29T18:00:00,2026-08-21T00:00:00
C02-S3-DISK,C02-S3,C02,disk,HPE,database,SSD-NVME-U2-3T84,2026-07-09T06:00:00,2026-07-01T00:00:00
C06-S5-DISK,C06-S5,C06,disk,Lenovo,database,SSD-NVME-U2-3T84,2026-08-29T12:00:00,2026-08-26T00:00:00
C08-S2-DISK,C08-S2,C08,disk,HPE,database,SSD-NVME-U2-3T84,2026-07-28T12:00:00,2026-07-20T12:00:00
C11-S2-DISK,C11-S2,C11,disk,HPE,database,SSD-NVME-U2-3T84,2026-09-15T06:00:00,2026-09-08T18:00:00
C11-S8-DISK,C11-S8,C11,disk,HPE,database,SSD-NVME-U2-3T84,2026-08-22T06:00:00,2026-08-16T12:00:00
C14-S7-DISK,C14-S7,C14,disk,HPE,database,SSD-NVME-U2-3T84,2026-08-08T12:00:00,2026-07-30T00:00:00
C19-S4-DISK,C19-S4,C19,disk,Dell,database,SSD-NVME-U2-3T84,2026-09-17T06:00:00,2026-09-11T12:00:00
D01-S7-DISK,D01-S7,D01,disk,HPE,storage,HDD-SAS-12T,2026-09-18T12:00:00,2026-09-12T06:00:00
D04-S3-DISK,D04-S3,D04,disk,HPE,storage,HDD-SAS-12T,2026-07-24T12:00:00,2026-07-21T12:00:00
D05-S4-DISK,D05-S4,D05,disk,Lenovo,storage,HDD-SAS-12T,2026-08-06T12:00:00,2026-07-28T18:00:00
D09-S1-DISK,D09-S1,D09,disk,Dell,storage,HDD-SAS-12T,2026-08-11T18:00:00,2026-08-02T06:00:00
D09-S6-DISK,D09-S6,D09,disk,Dell,storage,HDD-SAS-12T,2026-07-28T12:00:00,2026-07-18T18:00:00
D10-S1-DISK,D10-S1,D10,disk,HPE,storage,HDD-SAS-12T,2026-08-27T18:00:00,2026-08-20T18:00:00
D10-S2-DISK,D10-S2,D10,disk,HPE,storage,HDD-SAS-12T,2026-08-07T12:00:00,2026-08-02T12:00:00
D11-S2-DISK,D11-S2,D11,disk,Lenovo,storage,HDD-SAS-12T,2026-08-04T12:00:00,2026-07-29T12:00:00
D12-S1-DISK,D12-S1,D12,disk,Dell,storage,HDD-SAS-12T,2026-09-20T00:00:00,2026-09-13T06:00:00
D16-S2-DISK,D16-S2,D16,disk,HPE,storage,HDD-SAS-12T,2026-07-20T00:00:00,2026-07-16T00:00:00
D16-S3-DISK,D16-S3,D16,disk,HPE,storage,HDD-SAS-12T,2026-09-19T00:00:00,2026-09-15T12:00:00
D17-S4-DISK,D17-S4,D17,disk,Lenovo,storage,HDD-SAS-12T,2026-08-25T00:00:00,2026-08-22T00:00:00
D17-S7-DISK,D17-S7,D17,disk,Lenovo,storage,HDD-SAS-12T,2026-07-18T12:00:00,2026-07-09T06:00:00
D18-S1-DISK,D18-S1,D18,disk,Dell,storage,HDD-SAS-12T,2026-09-09T06:00:00,2026-09-05T06:00:00
D20-S4-DISK,D20-S4,D20,disk,Lenovo,storage,HDD-SAS-12T,2026-07-21T06:00:00,2026-07-11T12:00:00
D20-S5-DISK,D20-S5,D20,disk,Lenovo,storage,HDD-SAS-12T,2026-07-06T18:00:00,2026-06-29T06:00:00
E02-S1-DISK,E02-S1,E02,disk,Dell,ai,SSD-NVME-U2-3T84,2026-07-17T06:00:00,2026-07-12T12:00:00
E03-S7-DISK,E03-S7,E03,disk,HPE,ai,SSD-NVME-U2-3T84,2026-07-08T06:00:00,2026-07-04T06:00:00
E05-S1-DISK,E05-S1,E05,disk,Dell,ai,SSD-NVME-U2-3T84,2026-08-20T06:00:00,2026-08-13T12:00:00
E05-S6-DISK,E05-S6,E05,disk,Dell,ai,SSD-NVME-U2-3T84,2026-09-02T18:00:00,2026-08-30T18:00:00
E06-S2-DISK,E06-S2,E06,disk,HPE,ai,SSD-NVME-U2-3T84,2026-08-10T18:00:00,2026-08-05T18:00:00
E07-S3-DISK,E07-S3,E07,disk,Lenovo,ai,SSD-NVME-U2-3T84,2026-07-30T12:00:00,2026-07-22T06:00:00
E08-S2-DISK,E08-S2,E08,disk,Dell,ai,SSD-NVME-U2-3T84,2026-07-11T00:00:00,2026-07-03T12:00:00
E08-S6-DISK,E08-S6,E08,disk,Dell,ai,SSD-NVME-U2-3T84,2026-09-20T18:00:00,2026-09-11T06:00:00
E10-S4-DISK,E10-S4,E10,disk,Lenovo,ai,SSD-NVME-U2-3T84,2026-08-28T00:00:00,2026-08-26T00:00:00
E12-S1-DISK,E12-S1,E12,disk,HPE,ai,SSD-NVME-U2-3T84,2026-09-04T12:00:00,2026-08-31T00:00:00
E14-S1-DISK,E14-S1,E14,disk,Dell,ai,SSD-NVME-U2-3T84,2026-07-16T00:00:00,2026-07-12T12:00:00
E16-S5-DISK,E16-S5,E16,disk,Lenovo,ai,SSD-NVME-U2-3T84,2026-08-10T06:00:00,2026-08-01T18:00:00
E19-S5-DISK,E19-S5,E19,disk,Lenovo,ai,SSD-NVME-U2-3T84,2026-07-04T12:00:00,2026-06-30T18:00:00
E20-S3-DISK,E20-S3,E20,disk,Dell,ai,SSD-NVME-U2-3T84,2026-08-21T00:00:00,2026-08-16T00:00:00
A05-S3-PSU,A05-S3,A05,psu,Lenovo,web,PSU-LNV-1100W,2026-07-08T00:00:00,2026-07-03T06:00:00
A09-S1-PSU,A09-S1,A09,psu,Dell,web,PSU-DEL-1400W,2026-08-31T18:00:00,2026-08-23T00:00:00
A16-S8-PSU,A16-S8,A16,psu,HPE,web,PSU-HPE-1600W,2026-08-24T06:00:00,2026-08-22T00:00:00
A17-S1-PSU,A17-S1,A17,psu,Lenovo,web,PSU-LNV-1100W,2026-08-03T00:00:00,2026-07-30T00:00:00
B03-S5-PSU,B03-S5,B03,psu,HPE,virtualization,PSU-HPE-1600W,2026-07-20T06:00:00,2026-07-12T06:00:00
B06-S5-PSU,B06-S5,B06,psu,HPE,virtualization,PSU-HPE-1600W,2026-08-15T06:00:00,2026-08-06T12:00:00
B07-S3-PSU,B07-S3,B07,psu,Lenovo,virtualization,PSU-LNV-1100W,2026-07-26T12:00:00,2026-07-22T06:00:00
B07-S7-PSU,B07-S7,B07,psu,Lenovo,virtualization,PSU-LNV-1100W,2026-08-15T00:00:00,2026-08-10T12:00:00
B08-S7-PSU,B08-S7,B08,psu,Dell,virtualization,PSU-DEL-1400W,2026-08-15T18:00:00,2026-08-06T06:00:00
B12-S2-PSU,B12-S2,B12,psu,HPE,virtualization,PSU-HPE-1600W,2026-08-26T00:00:00,2026-08-18T12:00:00
B15-S7-PSU,B15-S7,B15,psu,HPE,virtualization,PSU-HPE-1600W,2026-07-06T00:00:00,2026-06-30T12:00:00
B17-S6-PSU,B17-S6,B17,psu,Dell,virtualization,PSU-DEL-1400W,2026-09-06T18:00:00,2026-09-02T18:00:00
C05-S5-PSU,C05-S5,C05,psu,HPE,database,PSU-HPE-1600W,2026-08-30T18:00:00,2026-08-27T18:00:00
C05-S7-PSU,C05-S7,C05,psu,HPE,database,PSU-HPE-1600W,2026-07-27T12:00:00,2026-07-20T00:00:00
C06-S4-PSU,C06-S4,C06,psu,Lenovo,database,PSU-LNV-1100W,2026-07-31T18:00:00,2026-07-25T18:00:00
C10-S2-PSU,C10-S2,C10,psu,Dell,database,PSU-DEL-1400W,2026-09-17T12:00:00,2026-09-15T00:00:00
C11-S4-PSU,C11-S4,C11,psu,HPE,database,PSU-HPE-1600W,2026-08-24T00:00:00,2026-08-20T18:00:00
C13-S6-PSU,C13-S6,C13,psu,Dell,database,PSU-DEL-1400W,2026-08-10T06:00:00,2026-08-02T00:00:00
C13-S7-PSU,C13-S7,C13,psu,Dell,database,PSU-DEL-1400W,2026-08-29T12:00:00,2026-08-21T18:00:00
C14-S1-PSU,C14-S1,C14,psu,HPE,database,PSU-HPE-1600W,2026-09-10T06:00:00,2026-09-06T00:00:00
C16-S7-PSU,C16-S7,C16,psu,Dell,database,PSU-DEL-1400W,2026-08-08T18:00:00,2026-08-04T18:00:00
C18-S7-PSU,C18-S7,C18,psu,Lenovo,database,PSU-LNV-1100W,2026-07-06T18:00:00,2026-07-02T00:00:00
C18-S8-PSU,C18-S8,C18,psu,Lenovo,database,PSU-LNV-1100W,2026-07-28T00:00:00,2026-07-25T18:00:00
C19-S6-PSU,C19-S6,C19,psu,Dell,database,PSU-DEL-1400W,2026-07-29T12:00:00,2026-07-22T18:00:00
C20-S1-PSU,C20-S1,C20,psu,HPE,database,PSU-HPE-1600W,2026-08-29T06:00:00,2026-08-20T06:00:00
D03-S2-PSU,D03-S2,D03,psu,Dell,storage,PSU-DEL-1400W,2026-07-18T12:00:00,2026-07-09T12:00:00
D06-S8-PSU,D06-S8,D06,psu,Dell,storage,PSU-DEL-1400W,2026-07-10T12:00:00,2026-07-04T00:00:00
D08-S3-PSU,D08-S3,D08,psu,Lenovo,storage,PSU-LNV-1100W,2026-07-12T12:00:00,2026-07-08T06:00:00
D11-S5-PSU,D11-S5,D11,psu,Lenovo,storage,PSU-LNV-1100W,2026-07-23T12:00:00,2026-07-17T18:00:00
D15-S4-PSU,D15-S4,D15,psu,Dell,storage,PSU-DEL-1400W,2026-09-16T00:00:00,2026-09-12T06:00:00
E01-S6-PSU,E01-S6,E01,psu,Lenovo,ai,PSU-GPU-2800W,2026-09-11T12:00:00,2026-09-02T00:00:00
E01-S8-PSU,E01-S8,E01,psu,Lenovo,ai,PSU-GPU-2800W,2026-09-15T12:00:00,2026-09-13T12:00:00
E02-S1-PSU,E02-S1,E02,psu,Dell,ai,PSU-GPU-2800W,2026-09-01T12:00:00,2026-08-28T06:00:00
E02-S4-PSU,E02-S4,E02,psu,Dell,ai,PSU-GPU-2800W,2026-08-26T06:00:00,2026-08-17T00:00:00
E06-S6-PSU,E06-S6,E06,psu,HPE,ai,PSU-GPU-2800W,2026-07-29T00:00:00,2026-07-23T18:00:00
E07-S6-PSU,E07-S6,E07,psu,Lenovo,ai,PSU-GPU-2800W,2026-08-15T06:00:00,2026-08-07T00:00:00
E09-S3-PSU,E09-S3,E09,psu,HPE,ai,PSU-GPU-2800W,2026-07-14T18:00:00,2026-07-05T12:00:00
E10-S6-PSU,E10-S6,E10,psu,Lenovo,ai,PSU-GPU-2800W,2026-09-09T18:00:00,2026-09-05T12:00:00
E10-S7-PSU,E10-S7,E10,psu,Lenovo,ai,PSU-GPU-2800W,2026-09-01T06:00:00,2026-08-23T06:00:00
E16-S3-PSU,E16-S3,E16,psu,Lenovo,ai,PSU-GPU-2800W,2026-07-27T12:00:00,2026-07-24T00:00:00
E16-S5-PSU,E16-S5,E16,psu,Lenovo,ai,PSU-GPU-2800W,2026-07-07T00:00:00,2026-07-03T12:00:00
E17-S5-PSU,E17-S5,E17,psu,Dell,ai,PSU-GPU-2800W,2026-07-21T06:00:00,2026-07-18T18:00:00
E17-S6-PSU,E17-S6,E17,psu,Dell,ai,PSU-GPU-2800W,2026-07-11T12:00:00,2026-07-05T00:00:00
E17-S7-PSU,E17-S7,E17,psu,Dell,ai,PSU-GPU-2800W,2026-07-30T06:00:00,2026-07-27T18:00:00
E18-S2-PSU,E18-S2,E18,psu,HPE,ai,PSU-GPU-2800W,2026-07-07T18:00:00,2026-07-01T06:00:00
E18-S8-PSU,E18-S8,E18,psu,HPE,ai,PSU-GPU-2800W,2026-08-05T00:00:00,2026-07-28T12:00:00
E20-S3-PSU,E20-S3,E20,psu,Dell,ai,PSU-GPU-2800W,2026-08-29T18:00:00,2026-08-27T18:00:00
A04-S1-NIC,A04-S1,A04,nic,HPE,web,NIC-OCP3-25G-DP,2026-08-29T12:00:00,2026-08-27T12:00:00
A05-S7-NIC,A05-S7,A05,nic,Lenovo,web,NIC-OCP3-25G-DP,2026-07-12T12:00:00,2026-07-04T18:00:00
A07-S7-NIC,A07-S7,A07,nic,HPE,web,NIC-OCP3-25G-DP,2026-07-20T00:00:00,2026-07-12T00:00:00
A09-S1-NIC,A09-S1,A09,nic,Dell,web,NIC-OCP3-25G-DP,2026-08-06T00:00:00,2026-07-27T06:00:00
A09-S5-NIC,A09-S5,A09,nic,Dell,web,NIC-OCP3-25G-DP,2026-07-24T06:00:00,2026-07-19T06:00:00
A14-S1-NIC,A14-S1,A14,nic,Lenovo,web,NIC-OCP3-25G-DP,2026-08-20T00:00:00,2026-08-10T18:00:00
A17-S1-NIC,A17-S1,A17,nic,Lenovo,web,NIC-OCP3-25G-DP,2026-08-29T00:00:00,2026-08-24T12:00:00
A18-S5-NIC,A18-S5,A18,nic,Dell,web,NIC-OCP3-25G-DP,2026-07-28T06:00:00,2026-07-19T12:00:00
A19-S2-NIC,A19-S2,A19,nic,HPE,web,NIC-OCP3-25G-DP,2026-09-03T06:00:00,2026-08-24T12:00:00
B02-S8-NIC,B02-S8,B02,nic,Dell,virtualization,NIC-OCP3-25G-DP,2026-07-07T12:00:00,2026-07-02T06:00:00
B03-S5-NIC,B03-S5,B03,nic,HPE,virtualization,NIC-OCP3-25G-DP,2026-09-16T18:00:00,2026-09-14T12:00:00
B04-S8-NIC,B04-S8,B04,nic,Lenovo,virtualization,NIC-OCP3-25G-DP,2026-08-19T12:00:00,2026-08-17T12:00:00
B05-S3-NIC,B05-S3,B05,nic,Dell,virtualization,NIC-OCP3-25G-DP,2026-08-20T00:00:00,2026-08-18T00:00:00
B06-S4-NIC,B06-S4,B06,nic,HPE,virtualization,NIC-OCP3-25G-DP,2026-07-14T06:00:00,2026-07-05T00:00:00
B07-S8-NIC,B07-S8,B07,nic,Lenovo,virtualization,NIC-OCP3-25G-DP,2026-09-05T06:00:00,2026-08-27T18:00:00
B09-S2-NIC,B09-S2,B09,nic,HPE,virtualization,NIC-OCP3-25G-DP,2026-08-27T00:00:00,2026-08-17T12:00:00
B11-S1-NIC,B11-S1,B11,nic,Dell,virtualization,NIC-OCP3-25G-DP,2026-07-10T12:00:00,2026-07-06T12:00:00
B16-S2-NIC,B16-S2,B16,nic,Lenovo,virtualization,NIC-OCP3-25G-DP,2026-08-22T12:00:00,2026-08-20T06:00:00
B17-S7-NIC,B17-S7,B17,nic,Dell,virtualization,NIC-OCP3-25G-DP,2026-09-21T00:00:00,2026-09-18T18:00:00
C02-S1-NIC,C02-S1,C02,nic,HPE,database,NIC-OCP3-25G-DP,2026-08-12T18:00:00,2026-08-08T18:00:00
C05-S1-NIC,C05-S1,C05,nic,HPE,database,NIC-OCP3-25G-DP,2026-08-25T00:00:00,2026-08-19T18:00:00
C06-S4-NIC,C06-S4,C06,nic,Lenovo,database,NIC-OCP3-25G-DP,2026-07-19T18:00:00,2026-07-16T18:00:00
C07-S6-NIC,C07-S6,C07,nic,Dell,database,NIC-OCP3-25G-DP,2026-08-19T06:00:00,2026-08-16T00:00:00
C08-S4-NIC,C08-S4,C08,nic,HPE,database,NIC-OCP3-25G-DP,2026-09-15T12:00:00,2026-09-10T00:00:00
C08-S8-NIC,C08-S8,C08,nic,HPE,database,NIC-OCP3-25G-DP,2026-08-30T06:00:00,2026-08-21T18:00:00
C12-S5-NIC,C12-S5,C12,nic,Lenovo,database,NIC-OCP3-25G-DP,2026-08-03T12:00:00,2026-07-26T06:00:00
C15-S1-NIC,C15-S1,C15,nic,Lenovo,database,NIC-OCP3-25G-DP,2026-08-19T12:00:00,2026-08-17T00:00:00
C17-S8-NIC,C17-S8,C17,nic,HPE,database,NIC-OCP3-25G-DP,2026-07-18T12:00:00,2026-07-09T00:00:00
C18-S8-NIC,C18-S8,C18,nic,Lenovo,database,NIC-OCP3-25G-DP,2026-09-10T12:00:00,2026-09-03T06:00:00
C20-S7-NIC,C20-S7,C20,nic,HPE,database,NIC-OCP3-25G-DP,2026-08-08T00:00:00,2026-07-29T18:00:00
D04-S7-NIC,D04-S7,D04,nic,HPE,storage,NIC-OCP3-25G-DP,2026-07-12T12:00:00,2026-07-05T00:00:00
D06-S7-NIC,D06-S7,D06,nic,Dell,storage,NIC-OCP3-25G-DP,2026-09-13T00:00:00,2026-09-07T12:00:00
D07-S1-NIC,D07-S1,D07,nic,HPE,storage,NIC-OCP3-25G-DP,2026-09-11T00:00:00,2026-09-08T00:00:00
D07-S2-NIC,D07-S2,D07,nic,HPE,storage,NIC-OCP3-25G-DP,2026-09-09T00:00:00,2026-08-31T18:00:00
D07-S6-NIC,D07-S6,D07,nic,HPE,storage,NIC-OCP3-25G-DP,2026-09-17T18:00:00,2026-09-14T06:00:00
D09-S2-NIC,D09-S2,D09,nic,Dell,storage,NIC-OCP3-25G-DP,2026-08-31T12:00:00,2026-08-23T06:00:00
D09-S5-NIC,D09-S5,D09,nic,Dell,storage,NIC-OCP3-25G-DP,2026-08-03T12:00:00,2026-07-31T06:00:00
D09-S7-NIC,D09-S7,D09,nic,Dell,storage,NIC-OCP3-25G-DP,2026-08-25T00:00:00,2026-08-18T06:00:00
D11-S6-NIC,D11-S6,D11,nic,Lenovo,storage,NIC-OCP3-25G-DP,2026-08-09T06:00:00,2026-08-03T00:00:00
D15-S3-NIC,D15-S3,D15,nic,Dell,storage,NIC-OCP3-25G-DP,2026-08-10T06:00:00,2026-08-05T18:00:00
D15-S8-NIC,D15-S8,D15,nic,Dell,storage,NIC-OCP3-25G-DP,2026-08-15T00:00:00,2026-08-07T00:00:00
D17-S4-NIC,D17-S4,D17,nic,Lenovo,storage,NIC-OCP3-25G-DP,2026-09-20T00:00:00,2026-09-16T00:00:00
D18-S8-NIC,D18-S8,D18,nic,Dell,storage,NIC-OCP3-25G-DP,2026-08-15T18:00:00,2026-08-10T12:00:00
E01-S1-NIC,E01-S1,E01,nic,Lenovo,ai,NIC-CX7-100G-DP,2026-08-21T06:00:00,2026-08-19T00:00:00
E03-S7-NIC,E03-S7,E03,nic,HPE,ai,NIC-CX7-100G-DP,2026-08-26T00:00:00,2026-08-22T18:00:00
E05-S1-NIC,E05-S1,E05,nic,Dell,ai,NIC-CX7-100G-DP,2026-08-18T12:00:00,2026-08-13T12:00:00
E07-S2-NIC,E07-S2,E07,nic,Lenovo,ai,NIC-CX7-100G-DP,2026-09-08T18:00:00,2026-09-06T18:00:00
E08-S1-NIC,E08-S1,E08,nic,Dell,ai,NIC-CX7-100G-DP,2026-09-19T12:00:00,2026-09-14T12:00:00
E11-S3-NIC,E11-S3,E11,nic,Dell,ai,NIC-CX7-100G-DP,2026-08-24T12:00:00,2026-08-15T12:00:00
E12-S7-NIC,E12-S7,E12,nic,HPE,ai,NIC-CX7-100G-DP,2026-07-04T12:00:00,2026-06-30T00:00:00
E19-S6-NIC,E19-S6,E19,nic,Lenovo,ai,NIC-CX7-100G-DP,2026-07-11T06:00:00,2026-07-08T00:00:00
A02-S6-FAN,A02-S6,A02,fan,Lenovo,web,FAN-LNV-SR650,2026-07-11T00:00:00,2026-07-05T18:00:00
A02-S8-FAN,A02-S8,A02,fan,Lenovo,web,FAN-LNV-SR650,2026-08-15T00:00:00,2026-08-11T18:00:00
A03-S7-FAN,A03-S7,A03,fan,Dell,web,FAN-DEL-R760,2026-08-29T12:00:00,2026-08-24T00:00:00
A06-S6-FAN,A06-S6,A06,fan,Dell,web,FAN-DEL-R760,2026-09-09T12:00:00,2026-09-02T06:00:00
A06-S7-FAN,A06-S7,A06,fan,Dell,web,FAN-DEL-R760,2026-08-09T06:00:00,2026-08-04T06:00:00
A07-S3-FAN,A07-S3,A07,fan,HPE,web,FAN-HPE-DL380,2026-08-20T06:00:00,2026-08-13T06:00:00
A07-S5-FAN,A07-S5,A07,fan,HPE,web,FAN-HPE-DL380,2026-08-13T06:00:00,2026-08-05T00:00:00
A08-S3-FAN,A08-S3,A08,fan,Lenovo,web,FAN-LNV-SR650,2026-09-17T06:00:00,2026-09-13T12:00:00
A11-S5-FAN,A11-S5,A11,fan,Lenovo,web,FAN-LNV-SR650,2026-07-26T00:00:00,2026-07-19T18:00:00
A18-S2-FAN,A18-S2,A18,fan,Dell,web,FAN-DEL-R760,2026-09-20T12:00:00,2026-09-13T18:00:00
A19-S7-FAN,A19-S7,A19,fan,HPE,web,FAN-HPE-DL380,2026-09-16T00:00:00,2026-09-13T00:00:00
A20-S8-FAN,A20-S8,A20,fan,Lenovo,web,FAN-LNV-SR650,2026-09-04T06:00:00,2026-08-26T18:00:00
B01-S5-FAN,B01-S5,B01,fan,Lenovo,virtualization,FAN-LNV-SR650,2026-09-06T06:00:00,2026-08-31T12:00:00
B03-S7-FAN,B03-S7,B03,fan,HPE,virtualization,FAN-HPE-DL380,2026-09-02T00:00:00,2026-08-25T00:00:00
B08-S4-FAN,B08-S4,B08,fan,Dell,virtualization,FAN-DEL-R760,2026-07-08T00:00:00,2026-07-02T06:00:00
B10-S5-FAN,B10-S5,B10,fan,Lenovo,virtualization,FAN-LNV-SR650,2026-09-15T06:00:00,2026-09-12T06:00:00
B10-S6-FAN,B10-S6,B10,fan,Lenovo,virtualization,FAN-LNV-SR650,2026-09-06T12:00:00,2026-09-02T00:00:00
B14-S6-FAN,B14-S6,B14,fan,Dell,virtualization,FAN-DEL-R760,2026-07-19T18:00:00,2026-07-11T12:00:00
B19-S4-FAN,B19-S4,B19,fan,Lenovo,virtualization,FAN-LNV-SR650,2026-09-10T12:00:00,2026-09-03T00:00:00
C01-S1-FAN,C01-S1,C01,fan,Dell,database,FAN-DEL-R760,2026-08-31T18:00:00,2026-08-23T18:00:00
C01-S5-FAN,C01-S5,C01,fan,Dell,database,FAN-DEL-R760,2026-09-04T12:00:00,2026-08-29T00:00:00
C03-S8-FAN,C03-S8,C03,fan,Lenovo,database,FAN-LNV-SR650,2026-09-16T06:00:00,2026-09-09T00:00:00
C04-S8-FAN,C04-S8,C04,fan,Dell,database,FAN-DEL-R760,2026-07-07T00:00:00,2026-06-29T12:00:00
C07-S5-FAN,C07-S5,C07,fan,Dell,database,FAN-DEL-R760,2026-09-04T12:00:00,2026-08-26T12:00:00
C07-S7-FAN,C07-S7,C07,fan,Dell,database,FAN-DEL-R760,2026-07-24T00:00:00,2026-07-21T18:00:00
C10-S3-FAN,C10-S3,C10,fan,Dell,database,FAN-DEL-R760,2026-09-07T06:00:00,2026-09-03T00:00:00
C10-S5-FAN,C10-S5,C10,fan,Dell,database,FAN-DEL-R760,2026-09-06T12:00:00,2026-09-01T06:00:00
C10-S6-FAN,C10-S6,C10,fan,Dell,database,FAN-DEL-R760,2026-08-12T00:00:00,2026-08-07T00:00:00
C12-S6-FAN,C12-S6,C12,fan,Lenovo,database,FAN-LNV-SR650,2026-08-20T12:00:00,2026-08-15T06:00:00
C15-S8-FAN,C15-S8,C15,fan,Lenovo,database,FAN-LNV-SR650,2026-07-26T06:00:00,2026-07-18T12:00:00
C19-S5-FAN,C19-S5,C19,fan,Dell,database,FAN-DEL-R760,2026-08-01T00:00:00,2026-07-28T18:00:00
C20-S5-FAN,C20-S5,C20,fan,HPE,database,FAN-HPE-DL380,2026-07-04T12:00:00,2026-06-30T18:00:00
D01-S5-FAN,D01-S5,D01,fan,HPE,storage,FAN-HPE-DL380,2026-08-11T18:00:00,2026-08-08T06:00:00
D07-S2-FAN,D07-S2,D07,fan,HPE,storage,FAN-HPE-DL380,2026-08-29T18:00:00,2026-08-26T18:00:00
D08-S6-FAN,D08-S6,D08,fan,Lenovo,storage,FAN-LNV-SR650,2026-08-24T06:00:00,2026-08-16T06:00:00
D09-S8-FAN,D09-S8,D09,fan,Dell,storage,FAN-DEL-R760,2026-09-08T18:00:00,2026-09-01T18:00:00
D10-S4-FAN,D10-S4,D10,fan,HPE,storage,FAN-HPE-DL380,2026-08-06T12:00:00,2026-07-28T18:00:00
D12-S1-FAN,D12-S1,D12,fan,Dell,storage,FAN-DEL-R760,2026-07-18T00:00:00,2026-07-13T06:00:00
D13-S3-FAN,D13-S3,D13,fan,HPE,storage,FAN-HPE-DL380,2026-07-12T12:00:00,2026-07-09T06:00:00
D13-S4-FAN,D13-S4,D13,fan,HPE,storage,FAN-HPE-DL380,2026-08-05T00:00:00,2026-07-29T00:00:00
D13-S5-FAN,D13-S5,D13,fan,HPE,storage,FAN-HPE-DL380,2026-07-02T00:00:00,2026-06-30T00:00:00
D15-S7-FAN,D15-S7,D15,fan,Dell,storage,FAN-DEL-R760,2026-09-03T18:00:00,2026-08-25T00:00:00
D17-S1-FAN,D17-S1,D17,fan,Lenovo,storage,FAN-LNV-SR650,2026-09-12T18:00:00,2026-09-05T00:00:00
D18-S5-FAN,D18-S5,D18,fan,Dell,storage,FAN-DEL-R760,2026-09-20T06:00:00,2026-09-14T12:00:00
D20-S6-FAN,D20-S6,D20,fan,Lenovo,storage,FAN-LNV-SR650,2026-08-12T06:00:00,2026-08-04T06:00:00
E01-S7-FAN,E01-S7,E01,fan,Lenovo,ai,FAN-GPU-HP80,2026-09-10T00:00:00,2026-09-07T00:00:00
E06-S5-FAN,E06-S5,E06,fan,HPE,ai,FAN-GPU-HP80,2026-08-29T00:00:00,2026-08-22T00:00:00
E08-S3-FAN,E08-S3,E08,fan,Dell,ai,FAN-GPU-HP80,2026-07-28T18:00:00,2026-07-23T06:00:00
E10-S5-FAN,E10-S5,E10,fan,Lenovo,ai,FAN-GPU-HP80,2026-08-14T12:00:00,2026-08-09T18:00:00
E12-S3-FAN,E12-S3,E12,fan,HPE,ai,FAN-GPU-HP80,2026-07-24T00:00:00,2026-07-14T06:00:00
E12-S7-FAN,E12-S7,E12,fan,HPE,ai,FAN-GPU-HP80,2026-08-17T06:00:00,2026-08-08T00:00:00
E14-S1-FAN,E14-S1,E14,fan,Dell,ai,FAN-GPU-HP80,2026-08-08T12:00:00,2026-08-04T00:00:00
E17-S1-FAN,E17-S1,E17,fan,Dell,ai,FAN-GPU-HP80,2026-07-18T18:00:00,2026-07-11T18:00:00
E17-S2-FAN,E17-S2,E17,fan,Dell,ai,FAN-GPU-HP80,2026-07-21T12:00:00,2026-07-13T00:00:00
E17-S6-FAN,E17-S6,E17,fan,Dell,ai,FAN-GPU-HP80,2026-08-20T18:00:00,2026-08-15T18:00:00
E19-S3-FAN,E19-S3,E19,fan,Lenovo,ai,FAN-GPU-HP80,2026-09-16T18:00:00,2026-09-08T06:00:00
E20-S4-FAN,E20-S4,E20,fan,Dell,ai,FAN-GPU-HP80,2026-08-02T00:00:00,2026-07-23T06:00:00
