rack_id,operational_state,as_of
A01,normal,2026-09-26T00:00:00
A02,normal,2026-09-26T00:00:00
A03,normal,2026-09-26T00:00:00
A04,normal,2026-09-26T00:00:00
A05,normal,2026-09-26T00:00:00
A06,normal,2026-09-26T00:00:00
A07,normal,2026-09-26T00:00:00
A08,normal,2026-09-26T00:00:00
A09,normal,2026-09-26T00:00:00
A10,normal,2026-09-26T00:00:00
A11,normal,2026-09-26T00:00:00
A12,normal,2026-09-26T00:00:00
A13,normal,2026-09-26T00:00:00
A14,normal,2026-09-26T00:00:00
A15,normal,2026-09-26T00:00:00
A16,migration,2026-09-26T00:00:00
A17,normal,2026-09-26T00:00:00
A18,normal,2026-09-26T00:00:00
A19,normal,2026-09-26T00:00:00
A20,normal,2026-09-26T00:00:00
B01,normal,2026-09-26T00:00:00
B02,normal,2026-09-26T00:00:00
B03,normal,2026-09-26T00:00:00
B04,normal,2026-09-26T00:00:00
B05,normal,2026-09-26T00:00:00
B06,normal,2026-09-26T00:00:00
B07,normal,2026-09-26T00:00:00
B08,normal,2026-09-26T00:00:00
B09,normal,2026-09-26T00:00:00
B10,normal,2026-09-26T00:00:00
B11,backup_window,2026-09-26T00:00:00
B12,normal,2026-09-26T00:00:00
B13,normal,2026-09-26T00:00:00
B14,normal,2026-09-26T00:00:00
B15,normal,2026-09-26T00:00:00
B16,normal,2026-09-26T00:00:00
B17,maintenance_window,2026-09-26T00:00:00
B18,normal,2026-09-26T00:00:00
B19,normal,2026-09-26T00:00:00
B20,normal,2026-09-26T00:00:00
C01,normal,2026-09-26T00:00:00
C02,normal,2026-09-26T00:00:00
C03,normal,2026-09-26T00:00:00
C04,normal,2026-09-26T00:00:00
C05,normal,2026-09-26T00:00:00
C06,normal,2026-09-26T00:00:00
C07,normal,2026-09-26T00:00:00
C08,normal,2026-09-26T00:00:00
C09,normal,2026-09-26T00:00:00
C10,normal,2026-09-26T00:00:00
C11,normal,2026-09-26T00:00:00
C12,maintenance_window,2026-09-26T00:00:00
C13,normal,2026-09-26T00:00:00
C14,normal,2026-09-26T00:00:00
C15,normal,2026-09-26T00:00:00
C16,normal,2026-09-26T00:00:00
C17,normal,2026-09-26T00:00:00
C18,dr_failover,2026-09-26T00:00:00
C19,normal,2026-09-26T00:00:00
C20,normal,2026-09-26T00:00:00
D01,normal,2026-09-26T00:00:00
D02,normal,2026-09-26T00:00:00
D03,normal,2026-09-26T00:00:00
D04,normal,2026-09-26T00:00:00
D05,normal,2026-09-26T00:00:00
D06,normal,2026-09-26T00:00:00
D07,normal,2026-09-26T00:00:00
D08,normal,2026-09-26T00:00:00
D09,normal,2026-09-26T00:00:00
D10,normal,2026-09-26T00:00:00
D11,normal,2026-09-26T00:00:00
D12,migration,2026-09-26T00:00:00
D13,dr_failover,2026-09-26T00:00:00
D14,normal,2026-09-26T00:00:00
D15,normal,2026-09-26T00:00:00
D16,normal,2026-09-26T00:00:00
D17,normal,2026-09-26T00:00:00
D18,normal,2026-09-26T00:00:00
D19,backup_window,2026-09-26T00:00:00
D20,normal,2026-09-26T00:00:00
E01,normal,2026-09-26T00:00:00
E02,normal,2026-09-26T00:00:00
E03,migration,2026-09-26T00:00:00
E04,normal,2026-09-26T00:00:00
E05,normal,2026-09-26T00:00:00
E06,normal,2026-09-26T00:00:00
E07,normal,2026-09-26T00:00:00
E08,normal,2026-09-26T00:00:00
E09,normal,2026-09-26T00:00:00
E10,normal,2026-09-26T00:00:00
E11,backup_window,2026-09-26T00:00:00
E12,normal,2026-09-26T00:00:00
E13,migration,2026-09-26T00:00:00
E14,normal,2026-09-26T00:00:00
E15,normal,2026-09-26T00:00:00
E16,normal,2026-09-26T00:00:00
E17,normal,2026-09-26T00:00:00
E18,normal,2026-09-26T00:00:00
E19,normal,2026-09-26T00:00:00
E20,normal,2026-09-26T00:00:00
