rack_id,row,pos,workload,tier,vendor,cooling_zone,pdu_capacity_kw
A01,A,1,web,std,HPE,CRAC-1,12.0
A02,A,2,web,std,Lenovo,CRAC-1,12.0
A03,A,3,web,std,Dell,CRAC-1,12.0
A04,A,4,web,std,HPE,CRAC-1,12.0
A05,A,5,web,std,Lenovo,CRAC-1,12.0
A06,A,6,web,std,Dell,CRAC-2,12.0
A07,A,7,web,std,HPE,CRAC-2,12.0
A08,A,8,web,std,Lenovo,CRAC-2,12.0
A09,A,9,web,std,Dell,CRAC-2,12.0
A10,A,10,web,std,HPE,CRAC-2,12.0
A11,A,11,web,std,Lenovo,CRAC-3,12.0
A12,A,12,web,std,Dell,CRAC-3,12.0
A13,A,13,web,std,HPE,CRAC-3,12.0
A14,A,14,web,std,Lenovo,CRAC-3,12.0
A15,A,15,web,std,Dell,CRAC-3,12.0
A16,A,16,web,std,HPE,CRAC-4,12.0
A17,A,17,web,std,Lenovo,CRAC-4,12.0
A18,A,18,web,std,Dell,CRAC-4,12.0
A19,A,19,web,std,HPE,CRAC-4,12.0
A20,A,20,web,std,Lenovo,CRAC-4,12.0
B01,B,1,virtualization,std,Lenovo,CRAC-1,12.0
B02,B,2,virtualization,std,Dell,CRAC-1,12.0
B03,B,3,virtualization,std,HPE,CRAC-1,12.0
B04,B,4,virtualization,std,Lenovo,CRAC-1,12.0
B05,B,5,virtualization,std,Dell,CRAC-1,12.0
B06,B,6,virtualization,std,HPE,CRAC-2,12.0
B07,B,7,virtualization,std,Lenovo,CRAC-2,12.0
B08,B,8,virtualization,std,Dell,CRAC-2,12.0
B09,B,9,virtualization,std,HPE,CRAC-2,12.0
B10,B,10,virtualization,std,Lenovo,CRAC-2,12.0
B11,B,11,virtualization,std,Dell,CRAC-3,12.0
B12,B,12,virtualization,std,HPE,CRAC-3,12.0
B13,B,13,virtualization,std,Lenovo,CRAC-3,12.0
B14,B,14,virtualization,std,Dell,CRAC-3,12.0
B15,B,15,virtualization,std,HPE,CRAC-3,12.0
B16,B,16,virtualization,std,Lenovo,CRAC-4,12.0
B17,B,17,virtualization,std,Dell,CRAC-4,12.0
B18,B,18,virtualization,std,HPE,CRAC-4,12.0
B19,B,19,virtualization,std,Lenovo,CRAC-4,12.0
B20,B,20,virtualization,std,Dell,CRAC-4,12.0
C01,C,1,database,std,Dell,CRAC-1,12.0
C02,C,2,database,std,HPE,CRAC-1,12.0
C03,C,3,database,std,Lenovo,CRAC-1,12.0
C04,C,4,database,std,Dell,CRAC-1,12.0
C05,C,5,database,std,HPE,CRAC-1,12.0
C06,C,6,database,std,Lenovo,CRAC-2,12.0
C07,C,7,database,std,Dell,CRAC-2,12.0
C08,C,8,database,std,HPE,CRAC-2,12.0
C09,C,9,database,std,Lenovo,CRAC-2,12.0
C10,C,10,database,std,Dell,CRAC-2,12.0
C11,C,11,database,std,HPE,CRAC-3,12.0
C12,C,12,database,std,Lenovo,CRAC-3,12.0
C13,C,13,database,std,Dell,CRAC-3,12.0
C14,C,14,database,std,HPE,CRAC-3,12.0
C15,C,15,database,std,Lenovo,CRAC-3,12.0
C16,C,16,database,std,Dell,CRAC-4,12.0
C17,C,17,database,std,HPE,CRAC-4,12.0
C18,C,18,database,std,Lenovo,CRAC-4,12.0
C19,C,19,database,std,Dell,CRAC-4,12.0
C20,C,20,database,std,HPE,CRAC-4,12.0
D01,D,1,storage,std,HPE,CRAC-1,12.0
D02,D,2,storage,std,Lenovo,CRAC-1,12.0
D03,D,3,storage,std,Dell,CRAC-1,12.0
D04,D,4,storage,std,HPE,CRAC-1,12.0
D05,D,5,storage,std,Lenovo,CRAC-1,12.0
D06,D,6,storage,std,Dell,CRAC-2,12.0
D07,D,7,storage,std,HPE,CRAC-2,12.0
D08,D,8,storage,std,Lenovo,CRAC-2,12.0
D09,D,9,storage,std,Dell,CRAC-2,12.0
D10,D,10,storage,std,HPE,CRAC-2,12.0
D11,D,11,storage,std,Lenovo,CRAC-3,12.0
D12,D,12,storage,std,Dell,CRAC-3,12.0
D13,D,13,storage,std,HPE,CRAC-3,12.0
D14,D,14,storage,std,Lenovo,CRAC-3,12.0
D15,D,15,storage,std,Dell,CRAC-3,12.0
D16,D,16,storage,std,HPE,CRAC-4,12.0
D17,D,17,storage,std,Lenovo,CRAC-4,12.0
D18,D,18,storage,std,Dell,CRAC-4,12.0
D19,D,19,storage,std,HPE,CRAC-4,12.0
D20,D,20,storage,std,Lenovo,CRAC-4,12.0
E01,E,1,ai,ai,Lenovo,CRAC-1,34.0
E02,E,2,ai,ai,Dell,CRAC-1,34.0
E03,E,3,ai,ai,HPE,CRAC-1,34.0
E04,E,4,ai,ai,Lenovo,CRAC-1,34.0
E05,E,5,ai,ai,Dell,CRAC-1,34.0
E06,E,6,ai,ai,HPE,CRAC-2,34.0
E07,E,7,ai,ai,Lenovo,CRAC-2,34.0
E08,E,8,ai,ai,Dell,CRAC-2,34.0
E09,E,9,ai,ai,HPE,CRAC-2,34.0
E10,E,10,ai,ai,Lenovo,CRAC-2,34.0
E11,E,11,ai,ai,Dell,CRAC-3,34.0
E12,E,12,ai,ai,HPE,CRAC-3,34.0
E13,E,13,ai,ai,Lenovo,CRAC-3,34.0
E14,E,14,ai,ai,Dell,CRAC-3,34.0
E15,E,15,ai,ai,HPE,CRAC-3,34.0
E16,E,16,ai,ai,Lenovo,CRAC-4,34.0
E17,E,17,ai,ai,Dell,CRAC-4,34.0
E18,E,18,ai,ai,HPE,CRAC-4,34.0
E19,E,19,ai,ai,Lenovo,CRAC-4,34.0
E20,E,20,ai,ai,Dell,CRAC-4,34.0
