template_id,component,part,qty,durable_prior,priority,mttr_lo,mttr_hi,symptoms,follow_up
dimm_replace,dimm,dimm,1,0.96,P2,1.5,3.0,ecc_correctable_spike|ecc_uncorrectable,
dimm_reseat,dimm,,0,0.35,P3,0.5,1.0,ecc_correctable_spike,dimm_replace
dimm_ppr,dimm,,0,0.8,P3,0.8,1.5,ecc_correctable_spike,dimm_replace
dimm_fw_false_pos,dimm,,0,0.9,P4,0.5,1.0,ecc_correctable_spike,
dimm_airflow,dimm,,0,0.88,P3,0.5,1.2,dimm_overtemp|ecc_correctable_spike,
dimm_ue_crash,dimm,dimm,1,0.95,P1,2.0,4.0,ecc_uncorrectable,
dimm_imc,dimm,,0,0.7,P2,3.0,6.0,ecc_uncorrectable|ecc_correctable_spike,
disk_media_wear,disk,disk,1,0.97,P2,1.0,2.5,reallocated_sectors|pending_sectors|smart_read_error_rate,
disk_early_latency,disk,disk,1,0.9,P3,0.8,1.5,smart_read_error_rate|latency_spike,
disk_hdd_head,disk,disk,1,0.95,P2,1.0,3.0,pending_sectors|latency_spike,
disk_fw_stall,disk,,0,0.9,P3,1.0,2.0,latency_spike,
disk_backplane,disk,,0,0.8,P2,2.0,4.0,smart_read_error_rate|latency_spike,
disk_overtemp,disk,fan,1,0.9,P3,0.5,1.0,disk_overtemp|latency_spike,
disk_reseat,disk,,0,0.3,P3,0.3,0.8,smart_read_error_rate,disk_media_wear
psu_capacitor,psu,psu,1,0.96,P2,0.5,1.2,input_voltage_drop|output_ripple_high,
psu_fan,psu,psu,1,0.95,P3,0.5,1.0,psu_fan_rpm_drop|psu_overtemp,
psu_pdu_feed,psu,,0,0.92,P2,0.5,2.0,input_voltage_drop,
psu_efficiency,psu,psu,1,0.93,P3,0.5,1.0,psu_efficiency_drop|psu_overtemp,
psu_fw_ripple,psu,,0,0.85,P4,0.5,1.0,output_ripple_high,
psu_reseat,psu,,0,0.4,P3,0.3,0.6,input_voltage_drop,psu_capacitor
nic_sfp,nic,sfp,1,0.9,P2,0.3,1.0,link_flap|crc_errors,
nic_driver_reset,nic,,0,0.25,P3,0.3,0.8,link_flap|crc_errors,nic_sfp
nic_card,nic,nic,1,0.94,P2,1.0,2.5,packet_loss|crc_errors|nic_overtemp,
nic_dac,nic,cable,1,0.93,P3,0.3,0.8,crc_errors,
nic_switch_port,nic,,0,0.9,P3,0.5,1.5,link_flap,
nic_fw_drops,nic,,0,0.88,P3,0.8,1.5,packet_loss,
nic_airflow,nic,,0,0.85,P3,0.5,1.0,nic_overtemp|packet_loss,
fan_bearing,fan,fan,1,0.97,P3,0.2,0.6,fan_rpm_drop|fan_vibration,
fan_current,fan,fan,1,0.95,P3,0.2,0.6,fan_current_rise|fan_rpm_drop,
fan_dust,fan,,0,0.7,P4,0.3,0.8,fan_vibration,fan_bearing
fan_bmc_curve,fan,,0,0.9,P4,0.3,0.8,fan_rpm_drop,
fan_connector,fan,,0,0.75,P4,0.2,0.5,fan_rpm_drop,fan_bearing
fan_double,fan,fan,2,0.96,P2,0.4,1.0,fan_rpm_drop|fan_current_rise,
thermal_crac,thermal,,0,0.9,P2,4.0,12.0,inlet_overtemp|hot_spot,
thermal_blanking,thermal,,0,0.95,P3,0.5,1.5,inlet_overtemp|hot_air_recirculation,
thermal_containment,thermal,,0,0.95,P3,0.3,1.0,inlet_overtemp,
thermal_tiles,thermal,,0,0.9,P3,1.0,3.0,inlet_overtemp|hot_spot,
power_breaker,power,,0,0.9,P1,1.0,3.0,input_voltage_drop|power_loss,
power_phase,power,,0,0.9,P3,0.5,1.5,input_voltage_drop,
power_cap,power,,0,0.85,P3,0.5,1.5,cpu_throttle,
fw_bmc_hang,firmware,,0,0.88,P3,0.3,1.0,bmc_unresponsive,
fw_baseline,firmware,,0,0.95,P4,0.3,1.0,config_drift,
sec_brute_force,firmware,,0,0.95,P2,0.5,2.0,auth_failures,
cable_mispatch,cabling,,0,0.95,P3,0.3,1.0,link_flap,
cable_strain,cabling,cable,2,0.9,P3,0.5,1.5,crc_errors,
