sku,part,desc,brand,fit,unit_cost,lead_time_days,bin,safety_stock,reorder_point,reorder_qty,on_hand,inbound_qty,next_arrival,issued_12m,stockout_days_12m,warehouse
MEM-DDR5-64G-4800,dimm,64GB DDR5-4800 RDIMM,Micron,any,420,10,A-01-1,3,8,20,22,0,,156,0,WH-DAL-1
SSD-NVME-U2-3T84,disk_ssd,3.84TB NVMe U.2 SSD,Samsung,any,780,14,A-02-1,3,6,19,1,19,2026-10-01,150,2,WH-DAL-1
HDD-SAS-12T,disk_hdd,12TB 7.2K SAS HDD,Seagate,storage,310,12,A-02-3,1,3,5,5,0,,37,0,WH-DAL-1
PSU-DEL-1400W,psu,Dell 1400W Titanium PSU,Dell,Dell/std,285,12,B-01-1,1,3,5,5,0,,37,0,WH-DAL-1
PSU-HPE-1600W,psu,HPE 1600W Flex Slot PSU,HPE,HPE/std,310,16,B-01-2,1,3,5,2,5,2026-09-28,36,1,WH-DAL-1
PSU-LNV-1100W,psu,Lenovo 1100W Platinum PSU,Lenovo,Lenovo/std,240,14,B-01-3,1,3,5,5,0,,40,0,WH-DAL-1
PSU-GPU-2800W,psu,2800W Titanium PSU (GPU),Delta Electronics,ai,690,28,B-02-1,2,2,5,0,5,2026-10-11,33,3,WH-DAL-1
FAN-DEL-R760,fan,Dell R760 hot-swap fan,Dell,Dell/std,95,9,C-01-1,1,3,8,3,8,2026-10-01,64,2,WH-DAL-1
FAN-HPE-DL380,fan,HPE DL380 Gen11 fan kit,HPE,HPE/std,110,21,C-01-2,2,2,6,4,0,,46,7,WH-DAL-1
FAN-LNV-SR650,fan,Lenovo SR650 V3 fan,Lenovo,Lenovo/std,88,11,C-01-3,2,5,9,6,0,,67,1,WH-DAL-1
FAN-GPU-HP80,fan,80mm high-perf GPU fan,Nidec,ai,160,18,C-02-1,2,5,6,2,6,2026-09-27,42,0,WH-DAL-1
NIC-OCP3-25G-DP,nic,Dual-port 25GbE OCP 3.0 NIC,Broadcom,std,390,10,D-01-1,1,3,6,3,6,2026-10-04,41,1,WH-DAL-1
NIC-CX7-100G-DP,nic,Dual-port 100GbE NIC (GPU),NVIDIA Mellanox,ai,1250,35,D-01-2,1,0,2,1,0,,7,3,WH-DAL-1
SFP28-25G-SR,sfp,25G SR SFP28 transceiver,Coherent (Finisar),std,45,5,D-02-1,1,2,9,9,0,,72,2,WH-DAL-1
QSFP28-100G-SR4,sfp,100G SR4 QSFP28 transceiver,InnoLight,ai,180,12,D-02-2,1,2,2,3,0,,14,0,WH-DAL-1
CBL-DAC-25G-3M,cable,"25G DAC cable, 3m",Amphenol,any,35,5,D-03-1,1,2,8,7,0,,57,0,WH-DAL-1
