date,sku,type,qty,ref
2025-09-29,MEM-DDR5-64G-4800,issue,1,INC0104324
2025-09-29,MEM-DDR5-64G-4800,issue,1,INC0104326
2025-09-30,MEM-DDR5-64G-4800,issue,1,INC0104325
2025-09-30,MEM-DDR5-64G-4800,issue,1,INC0104334
2025-10-01,MEM-DDR5-64G-4800,issue,1,INC0104335
2025-10-06,MEM-DDR5-64G-4800,issue,1,INC0104354
2025-10-06,MEM-DDR5-64G-4800,issue,1,INC0104355
2025-10-07,MEM-DDR5-64G-4800,issue,1,INC0104358
2025-10-07,MEM-DDR5-64G-4800,issue,1,INC0104353
2025-10-09,MEM-DDR5-64G-4800,issue,1,INC0104363
2025-10-09,MEM-DDR5-64G-4800,order,20,PO-5001
2025-10-11,MEM-DDR5-64G-4800,issue,1,INC0104372
2025-10-11,MEM-DDR5-64G-4800,issue,1,INC0104371
2025-10-15,MEM-DDR5-64G-4800,issue,1,INC0104374
2025-10-17,MEM-DDR5-64G-4800,issue,1,INC0104399
2025-10-17,MEM-DDR5-64G-4800,issue,1,INC0104398
2025-10-18,MEM-DDR5-64G-4800,receipt,20,PO-5001
2025-10-18,MEM-DDR5-64G-4800,issue,1,INC0104402
2025-10-25,MEM-DDR5-64G-4800,issue,1,INC0104417
2025-10-27,MEM-DDR5-64G-4800,issue,1,INC0104421
2025-11-01,MEM-DDR5-64G-4800,issue,1,INC0104441
2025-11-04,MEM-DDR5-64G-4800,issue,1,INC0104440
2025-11-07,MEM-DDR5-64G-4800,issue,1,INC0104454
2025-11-09,MEM-DDR5-64G-4800,issue,1,INC0104460
2025-11-12,MEM-DDR5-64G-4800,issue,1,INC0104468
2025-11-14,MEM-DDR5-64G-4800,issue,1,INC0104474
2025-11-16,MEM-DDR5-64G-4800,issue,1,INC0104478
2025-11-19,MEM-DDR5-64G-4800,issue,1,INC0104495
2025-11-24,MEM-DDR5-64G-4800,issue,1,INC0104514
2025-11-25,MEM-DDR5-64G-4800,issue,1,INC0104503
2025-11-29,MEM-DDR5-64G-4800,issue,1,INC0104531
2025-12-02,MEM-DDR5-64G-4800,issue,1,INC0104529
2025-12-02,MEM-DDR5-64G-4800,order,20,PO-5002
2025-12-03,MEM-DDR5-64G-4800,issue,1,INC0104552
2025-12-05,MEM-DDR5-64G-4800,issue,1,INC0104561
2025-12-05,MEM-DDR5-64G-4800,issue,1,INC0104551
2025-12-09,MEM-DDR5-64G-4800,issue,1,INC0104578
2025-12-14,MEM-DDR5-64G-4800,receipt,20,PO-5002
2025-12-16,MEM-DDR5-64G-4800,issue,1,INC0104592
2025-12-16,MEM-DDR5-64G-4800,issue,1,INC0104603
2025-12-16,MEM-DDR5-64G-4800,issue,1,INC0104602
2025-12-16,MEM-DDR5-64G-4800,issue,1,INC0104601
2025-12-22,MEM-DDR5-64G-4800,issue,1,INC0104614
2025-12-24,MEM-DDR5-64G-4800,issue,1,INC0104628
2025-12-24,MEM-DDR5-64G-4800,issue,1,INC0104627
2026-01-01,MEM-DDR5-64G-4800,issue,1,INC0104644
2026-01-03,MEM-DDR5-64G-4800,issue,1,INC0104661
2026-01-04,MEM-DDR5-64G-4800,issue,1,INC0104664
2026-01-05,MEM-DDR5-64G-4800,issue,1,INC0104667
2026-01-06,MEM-DDR5-64G-4800,issue,1,INC0104673
2026-01-06,MEM-DDR5-64G-4800,issue,1,INC0104672
2026-01-09,MEM-DDR5-64G-4800,issue,1,INC0104691
2026-01-10,MEM-DDR5-64G-4800,issue,1,INC0104689
2026-01-10,MEM-DDR5-64G-4800,issue,1,INC0104694
2026-01-10,MEM-DDR5-64G-4800,order,20,PO-5003
2026-01-11,MEM-DDR5-64G-4800,issue,1,INC0104690
2026-01-11,MEM-DDR5-64G-4800,issue,1,INC0104700
2026-01-11,MEM-DDR5-64G-4800,issue,1,INC0104676
2026-01-11,MEM-DDR5-64G-4800,issue,1,INC0104684
2026-01-13,MEM-DDR5-64G-4800,issue,1,INC0104711
2026-01-19,MEM-DDR5-64G-4800,issue,1,INC0104724
2026-01-20,MEM-DDR5-64G-4800,receipt,20,PO-5003
2026-01-20,MEM-DDR5-64G-4800,issue,1,INC0104721
2026-01-26,MEM-DDR5-64G-4800,issue,1,INC0104744
2026-01-27,MEM-DDR5-64G-4800,issue,1,INC0104743
2026-01-31,MEM-DDR5-64G-4800,issue,1,INC0104758
2026-02-02,MEM-DDR5-64G-4800,issue,1,INC0104760
2026-02-02,MEM-DDR5-64G-4800,issue,1,INC0104763
2026-02-04,MEM-DDR5-64G-4800,issue,1,INC0104768
2026-02-06,MEM-DDR5-64G-4800,issue,1,INC0104780
2026-02-07,MEM-DDR5-64G-4800,issue,1,INC0104782
2026-02-09,MEM-DDR5-64G-4800,issue,1,INC0104772
2026-02-14,MEM-DDR5-64G-4800,issue,1,INC0104794
2026-02-16,MEM-DDR5-64G-4800,issue,1,INC0104825
2026-02-17,MEM-DDR5-64G-4800,issue,1,INC0104828
2026-02-23,MEM-DDR5-64G-4800,issue,1,INC0104838
2026-02-23,MEM-DDR5-64G-4800,order,20,PO-5004
2026-02-24,MEM-DDR5-64G-4800,issue,1,INC0104846
2026-02-26,MEM-DDR5-64G-4800,issue,1,INC0104850
2026-02-28,MEM-DDR5-64G-4800,issue,1,INC0104857
2026-03-01,MEM-DDR5-64G-4800,issue,1,INC0104861
2026-03-02,MEM-DDR5-64G-4800,issue,1,INC0104864
2026-03-02,MEM-DDR5-64G-4800,issue,1,INC0104865
2026-03-05,MEM-DDR5-64G-4800,issue,1,INC0104871
2026-03-06,MEM-DDR5-64G-4800,receipt,20,PO-5004
2026-03-09,MEM-DDR5-64G-4800,issue,1,INC0104875
2026-03-14,MEM-DDR5-64G-4800,issue,1,INC0104884
2026-03-15,MEM-DDR5-64G-4800,issue,1,INC0104894
2026-03-17,MEM-DDR5-64G-4800,issue,1,INC0104893
2026-03-18,MEM-DDR5-64G-4800,issue,1,INC0104885
2026-03-18,MEM-DDR5-64G-4800,issue,1,INC0104904
2026-03-19,MEM-DDR5-64G-4800,issue,1,INC0104905
2026-03-19,MEM-DDR5-64G-4800,issue,1,INC0104908
2026-03-20,MEM-DDR5-64G-4800,issue,1,INC0104899
2026-03-25,MEM-DDR5-64G-4800,issue,1,INC0104928
2026-03-26,MEM-DDR5-64G-4800,issue,1,INC0104927
2026-04-02,MEM-DDR5-64G-4800,issue,1,INC0104940
2026-04-05,MEM-DDR5-64G-4800,issue,1,INC0104957
2026-04-05,MEM-DDR5-64G-4800,order,20,PO-5005
2026-04-06,MEM-DDR5-64G-4800,issue,1,INC0104961
2026-04-12,MEM-DDR5-64G-4800,issue,1,INC0104972
2026-04-16,MEM-DDR5-64G-4800,receipt,20,PO-5005
2026-04-21,MEM-DDR5-64G-4800,issue,1,INC0105014
2026-04-22,MEM-DDR5-64G-4800,issue,1,INC0105019
2026-04-23,MEM-DDR5-64G-4800,issue,1,INC0105024
2026-04-24,MEM-DDR5-64G-4800,issue,1,INC0105025
2026-04-26,MEM-DDR5-64G-4800,issue,1,INC0105034
2026-04-30,MEM-DDR5-64G-4800,issue,1,INC0105036
2026-05-03,MEM-DDR5-64G-4800,issue,1,INC0105066
2026-05-05,MEM-DDR5-64G-4800,issue,1,INC0105068
2026-05-06,MEM-DDR5-64G-4800,issue,1,INC0105074
2026-05-09,MEM-DDR5-64G-4800,issue,1,INC0105088
2026-05-10,MEM-DDR5-64G-4800,issue,1,INC0105091
2026-05-15,MEM-DDR5-64G-4800,issue,1,INC0105108
2026-05-15,MEM-DDR5-64G-4800,issue,1,INC0105109
2026-05-16,MEM-DDR5-64G-4800,issue,1,INC0105116
2026-05-16,MEM-DDR5-64G-4800,issue,1,INC0105115
2026-05-17,MEM-DDR5-64G-4800,issue,1,INC0105123
2026-05-19,MEM-DDR5-64G-4800,issue,1,INC0105126
2026-05-19,MEM-DDR5-64G-4800,issue,1,INC0105127
2026-05-19,MEM-DDR5-64G-4800,order,20,PO-5006
2026-05-21,MEM-DDR5-64G-4800,issue,1,INC0105134
2026-05-25,MEM-DDR5-64G-4800,issue,1,INC0105146
2026-05-30,MEM-DDR5-64G-4800,receipt,20,PO-5006
2026-06-06,MEM-DDR5-64G-4800,issue,1,INC0105173
2026-06-09,MEM-DDR5-64G-4800,issue,1,INC0105195
2026-06-11,MEM-DDR5-64G-4800,issue,1,INC0105203
2026-06-12,MEM-DDR5-64G-4800,issue,1,INC0105198
2026-06-15,MEM-DDR5-64G-4800,issue,1,INC0105219
2026-06-20,MEM-DDR5-64G-4800,issue,1,INC0105234
2026-06-22,MEM-DDR5-64G-4800,issue,1,INC0105242
2026-06-24,MEM-DDR5-64G-4800,issue,1,INC0105244
2026-06-25,MEM-DDR5-64G-4800,issue,1,INC0105250
2026-06-28,MEM-DDR5-64G-4800,issue,1,INC0105260
2026-07-04,MEM-DDR5-64G-4800,issue,1,INC0104059
2026-07-10,MEM-DDR5-64G-4800,issue,1,INC0104026
2026-07-10,MEM-DDR5-64G-4800,issue,1,INC0104056
2026-07-11,MEM-DDR5-64G-4800,issue,1,INC0104010
2026-07-22,MEM-DDR5-64G-4800,issue,1,INC0104036
2026-07-27,MEM-DDR5-64G-4800,issue,1,INC0104066
2026-07-27,MEM-DDR5-64G-4800,issue,1,INC0104004
2026-07-28,MEM-DDR5-64G-4800,issue,1,INC0104069
2026-07-28,MEM-DDR5-64G-4800,order,20,PO-5007
2026-07-29,MEM-DDR5-64G-4800,issue,1,INC0104002
2026-07-31,MEM-DDR5-64G-4800,issue,1,INC0104023
2026-08-03,MEM-DDR5-64G-4800,issue,1,INC0104009
2026-08-04,MEM-DDR5-64G-4800,issue,1,INC0104046
2026-08-06,MEM-DDR5-64G-4800,receipt,20,PO-5007
2026-08-07,MEM-DDR5-64G-4800,issue,1,INC0104048
2026-08-09,MEM-DDR5-64G-4800,issue,1,INC0104000
2026-08-10,MEM-DDR5-64G-4800,issue,1,INC0104058
2026-08-11,MEM-DDR5-64G-4800,issue,1,INC0104032
2026-08-12,MEM-DDR5-64G-4800,issue,1,INC0104028
2026-08-14,MEM-DDR5-64G-4800,issue,1,INC0104031
2026-08-18,MEM-DDR5-64G-4800,issue,1,INC0104043
2026-08-23,MEM-DDR5-64G-4800,issue,1,INC0104038
2026-08-26,MEM-DDR5-64G-4800,issue,1,INC0104039
2026-08-27,MEM-DDR5-64G-4800,issue,1,INC0104055
2026-08-29,MEM-DDR5-64G-4800,issue,1,INC0104044
2026-08-29,MEM-DDR5-64G-4800,issue,1,INC0104014
2026-09-04,MEM-DDR5-64G-4800,issue,1,INC0104012
2026-09-06,MEM-DDR5-64G-4800,issue,1,INC0104040
2026-09-06,MEM-DDR5-64G-4800,issue,1,INC0104065
2026-09-13,MEM-DDR5-64G-4800,issue,1,INC0104063
2026-09-13,MEM-DDR5-64G-4800,order,20,PO-5008
2026-09-14,MEM-DDR5-64G-4800,issue,1,INC0104022
2026-09-15,MEM-DDR5-64G-4800,issue,1,INC0104017
2026-09-15,MEM-DDR5-64G-4800,issue,1,INC0104060
2026-09-15,MEM-DDR5-64G-4800,issue,1,INC0104042
2026-09-16,MEM-DDR5-64G-4800,issue,1,INC0104033
2026-09-18,MEM-DDR5-64G-4800,issue,1,INC0104015
2026-09-23,MEM-DDR5-64G-4800,receipt,20,PO-5008
2025-10-01,SSD-NVME-U2-3T84,issue,1,INC0104328
2025-10-03,SSD-NVME-U2-3T84,issue,1,INC0104343
2025-10-03,SSD-NVME-U2-3T84,issue,1,INC0104344
2025-10-03,SSD-NVME-U2-3T84,issue,1,INC0104345
2025-10-04,SSD-NVME-U2-3T84,issue,1,INC0104348
2025-10-04,SSD-NVME-U2-3T84,issue,1,INC0104349
2025-10-08,SSD-NVME-U2-3T84,issue,1,INC0104360
2025-10-09,SSD-NVME-U2-3T84,issue,1,INC0104365
2025-10-12,SSD-NVME-U2-3T84,issue,1,INC0104378
2025-10-12,SSD-NVME-U2-3T84,order,19,PO-5009
2025-10-13,SSD-NVME-U2-3T84,issue,1,INC0104383
2025-10-16,SSD-NVME-U2-3T84,issue,1,INC0104390
2025-10-18,SSD-NVME-U2-3T84,issue,1,INC0104394
2025-10-22,SSD-NVME-U2-3T84,issue,1,INC0104401
2025-10-23,SSD-NVME-U2-3T84,issue,1,INC0104409
2025-10-26,SSD-NVME-U2-3T84,receipt,19,PO-5009
2025-10-26,SSD-NVME-U2-3T84,issue,1,INC0104420
2025-10-29,SSD-NVME-U2-3T84,issue,1,INC0104431
2025-11-08,SSD-NVME-U2-3T84,issue,1,INC0104455
2025-11-11,SSD-NVME-U2-3T84,issue,1,INC0104466
2025-11-12,SSD-NVME-U2-3T84,issue,1,INC0104469
2025-11-17,SSD-NVME-U2-3T84,issue,1,INC0104488
2025-11-19,SSD-NVME-U2-3T84,issue,1,INC0104496
2025-11-20,SSD-NVME-U2-3T84,issue,1,INC0104490
2025-11-25,SSD-NVME-U2-3T84,issue,1,INC0104518
2025-11-25,SSD-NVME-U2-3T84,issue,1,INC0104519
2025-11-30,SSD-NVME-U2-3T84,issue,1,INC0104540
2025-11-30,SSD-NVME-U2-3T84,issue,1,INC0104541
2025-12-04,SSD-NVME-U2-3T84,issue,1,INC0104556
2025-12-05,SSD-NVME-U2-3T84,issue,1,INC0104563
2025-12-05,SSD-NVME-U2-3T84,order,19,PO-5010
2025-12-06,SSD-NVME-U2-3T84,issue,1,INC0104564
2025-12-09,SSD-NVME-U2-3T84,issue,1,INC0104579
2025-12-11,SSD-NVME-U2-3T84,issue,1,INC0104582
2025-12-18,SSD-NVME-U2-3T84,issue,1,INC0104608
2025-12-19,SSD-NVME-U2-3T84,issue,1,INC0104611
2025-12-21,SSD-NVME-U2-3T84,receipt,19,PO-5010
2025-12-21,SSD-NVME-U2-3T84,issue,1,INC0104606
2025-12-24,SSD-NVME-U2-3T84,issue,1,INC0104630
2025-12-24,SSD-NVME-U2-3T84,issue,1,INC0104629
2025-12-29,SSD-NVME-U2-3T84,issue,1,INC0104645
2025-12-30,SSD-NVME-U2-3T84,issue,1,INC0104647
2026-01-02,SSD-NVME-U2-3T84,issue,1,INC0104660
2026-01-03,SSD-NVME-U2-3T84,issue,1,INC0104662
2026-01-10,SSD-NVME-U2-3T84,issue,1,INC0104695
2026-01-10,SSD-NVME-U2-3T84,issue,1,INC0104696
2026-01-12,SSD-NVME-U2-3T84,issue,1,INC0104705
2026-01-12,SSD-NVME-U2-3T84,issue,1,INC0104706
2026-01-13,SSD-NVME-U2-3T84,issue,1,INC0104712
2026-01-15,SSD-NVME-U2-3T84,issue,1,INC0104717
2026-01-15,SSD-NVME-U2-3T84,issue,1,INC0104702
2026-01-15,SSD-NVME-U2-3T84,order,19,PO-5011
2026-01-18,SSD-NVME-U2-3T84,issue,1,INC0104723
2026-01-19,SSD-NVME-U2-3T84,issue,1,INC0104725
2026-01-23,SSD-NVME-U2-3T84,issue,1,INC0104729
2026-01-24,SSD-NVME-U2-3T84,issue,1,INC0104737
2026-01-25,SSD-NVME-U2-3T84,issue,1,INC0104736
2026-01-25,SSD-NVME-U2-3T84,issue,1,INC0104735
2026-01-30,SSD-NVME-U2-3T84,receipt,19,PO-5011
2026-01-30,SSD-NVME-U2-3T84,issue,1,INC0104756
2026-02-02,SSD-NVME-U2-3T84,issue,1,INC0104764
2026-02-07,SSD-NVME-U2-3T84,issue,1,INC0104785
2026-02-07,SSD-NVME-U2-3T84,issue,1,INC0104786
2026-02-07,SSD-NVME-U2-3T84,issue,1,INC0104784
2026-02-09,SSD-NVME-U2-3T84,issue,1,INC0104797
2026-02-09,SSD-NVME-U2-3T84,issue,1,INC0104796
2026-02-14,SSD-NVME-U2-3T84,issue,1,INC0104819
2026-02-15,SSD-NVME-U2-3T84,issue,1,INC0104822
2026-02-18,SSD-NVME-U2-3T84,issue,1,INC0104830
2026-02-23,SSD-NVME-U2-3T84,issue,1,INC0104843
2026-02-27,SSD-NVME-U2-3T84,issue,1,INC0104852
2026-03-07,SSD-NVME-U2-3T84,issue,1,INC0104874
2026-03-07,SSD-NVME-U2-3T84,issue,1,INC0104873
2026-03-07,SSD-NVME-U2-3T84,order,19,PO-5012
2026-03-13,SSD-NVME-U2-3T84,issue,1,INC0104886
2026-03-16,SSD-NVME-U2-3T84,issue,1,INC0104895
2026-03-19,SSD-NVME-U2-3T84,issue,1,INC0104910
2026-03-20,SSD-NVME-U2-3T84,receipt,19,PO-5012
2026-03-21,SSD-NVME-U2-3T84,issue,1,INC0104918
2026-03-24,SSD-NVME-U2-3T84,issue,1,INC0104921
2026-03-26,SSD-NVME-U2-3T84,issue,1,INC0104929
2026-03-27,SSD-NVME-U2-3T84,issue,1,INC0104933
2026-03-29,SSD-NVME-U2-3T84,issue,1,INC0104937
2026-03-31,SSD-NVME-U2-3T84,issue,1,INC0104945
2026-03-31,SSD-NVME-U2-3T84,issue,1,INC0104932
2026-04-07,SSD-NVME-U2-3T84,issue,1,INC0104967
2026-04-10,SSD-NVME-U2-3T84,issue,1,INC0104976
2026-04-11,SSD-NVME-U2-3T84,issue,1,INC0104963
2026-04-12,SSD-NVME-U2-3T84,issue,1,INC0104980
2026-04-13,SSD-NVME-U2-3T84,issue,1,INC0104984
2026-04-15,SSD-NVME-U2-3T84,issue,1,INC0104993
2026-04-16,SSD-NVME-U2-3T84,issue,1,INC0104990
2026-04-17,SSD-NVME-U2-3T84,issue,1,INC0105000
2026-04-17,SSD-NVME-U2-3T84,order,19,PO-5013
2026-04-22,SSD-NVME-U2-3T84,issue,1,INC0105020
2026-04-26,SSD-NVME-U2-3T84,issue,1,INC0105037
2026-04-28,SSD-NVME-U2-3T84,issue,1,INC0105049
2026-05-02,SSD-NVME-U2-3T84,receipt,19,PO-5013
2026-05-10,SSD-NVME-U2-3T84,issue,1,INC0105093
2026-05-11,SSD-NVME-U2-3T84,issue,1,INC0105098
2026-05-15,SSD-NVME-U2-3T84,issue,1,INC0105110
2026-05-19,SSD-NVME-U2-3T84,issue,1,INC0105128
2026-05-19,SSD-NVME-U2-3T84,issue,1,INC0105131
2026-05-20,SSD-NVME-U2-3T84,issue,1,INC0105136
2026-05-20,SSD-NVME-U2-3T84,issue,1,INC0105135
2026-05-21,SSD-NVME-U2-3T84,issue,1,INC0105140
2026-05-21,SSD-NVME-U2-3T84,issue,1,INC0105129
2026-05-24,SSD-NVME-U2-3T84,issue,1,INC0105143
2026-05-26,SSD-NVME-U2-3T84,issue,1,INC0105152
2026-05-29,SSD-NVME-U2-3T84,issue,1,INC0105156
2026-05-31,SSD-NVME-U2-3T84,issue,1,INC0105159
2026-06-01,SSD-NVME-U2-3T84,issue,1,INC0105160
2026-06-02,SSD-NVME-U2-3T84,issue,1,INC0105175
2026-06-03,SSD-NVME-U2-3T84,issue,1,INC0105176
2026-06-03,SSD-NVME-U2-3T84,order,19,PO-5014
2026-06-05,SSD-NVME-U2-3T84,issue,1,INC0105186
2026-06-08,SSD-NVME-U2-3T84,issue,1,INC0105196
2026-06-10,SSD-NVME-U2-3T84,issue,1,INC0105200
2026-06-11,SSD-NVME-U2-3T84,issue,1,INC0105205
2026-06-11,SSD-NVME-U2-3T84,issue,1,INC0105204
2026-06-12,SSD-NVME-U2-3T84,issue,1,INC0105211
2026-06-16,SSD-NVME-U2-3T84,receipt,19,PO-5014
2026-06-23,SSD-NVME-U2-3T84,issue,1,INC0105245
2026-06-24,SSD-NVME-U2-3T84,issue,1,INC0105232
2026-07-04,SSD-NVME-U2-3T84,issue,1,INC0104140
2026-07-08,SSD-NVME-U2-3T84,issue,1,INC0104126
2026-07-09,SSD-NVME-U2-3T84,issue,1,INC0104091
2026-07-09,SSD-NVME-U2-3T84,issue,1,INC0104099
2026-07-10,SSD-NVME-U2-3T84,issue,1,INC0104132
2026-07-15,SSD-NVME-U2-3T84,issue,1,INC0104138
2026-07-16,SSD-NVME-U2-3T84,issue,1,INC0104125
2026-07-22,SSD-NVME-U2-3T84,issue,1,INC0104079
2026-07-24,SSD-NVME-U2-3T84,issue,1,INC0104072
2026-07-24,SSD-NVME-U2-3T84,issue,1,INC0104095
2026-08-04,SSD-NVME-U2-3T84,issue,1,INC0104086
2026-08-04,SSD-NVME-U2-3T84,issue,1,INC0104089
2026-08-04,SSD-NVME-U2-3T84,order,19,PO-5015
2026-08-06,SSD-NVME-U2-3T84,issue,1,INC0104075
2026-08-08,SSD-NVME-U2-3T84,issue,1,INC0104105
2026-08-08,SSD-NVME-U2-3T84,issue,1,INC0104094
2026-08-09,SSD-NVME-U2-3T84,issue,1,INC0104139
2026-08-10,SSD-NVME-U2-3T84,issue,1,INC0104106
2026-08-12,SSD-NVME-U2-3T84,issue,1,INC0104130
2026-08-12,SSD-NVME-U2-3T84,issue,1,INC0104092
2026-08-12,SSD-NVME-U2-3T84,backorder,2,expedite
2026-08-13,SSD-NVME-U2-3T84,issue,1,INC0104087
2026-08-13,SSD-NVME-U2-3T84,backorder,1,expedite
2026-08-20,SSD-NVME-U2-3T84,receipt,19,PO-5015
2026-08-20,SSD-NVME-U2-3T84,issue,1,INC0104127
2026-08-20,SSD-NVME-U2-3T84,issue,1,INC0104141
2026-08-22,SSD-NVME-U2-3T84,issue,1,INC0104103
2026-08-26,SSD-NVME-U2-3T84,issue,1,INC0104104
2026-08-28,SSD-NVME-U2-3T84,issue,1,INC0104096
2026-08-29,SSD-NVME-U2-3T84,issue,1,INC0104097
2026-08-31,SSD-NVME-U2-3T84,issue,1,INC0104081
2026-09-02,SSD-NVME-U2-3T84,issue,1,INC0104128
2026-09-10,SSD-NVME-U2-3T84,issue,1,INC0104074
2026-09-11,SSD-NVME-U2-3T84,issue,1,INC0104078
2026-09-14,SSD-NVME-U2-3T84,issue,1,INC0104082
2026-09-14,SSD-NVME-U2-3T84,issue,1,INC0104090
2026-09-15,SSD-NVME-U2-3T84,issue,1,INC0104070
2026-09-15,SSD-NVME-U2-3T84,issue,1,INC0104102
2026-09-15,SSD-NVME-U2-3T84,order,19,PO-5016
2026-09-16,SSD-NVME-U2-3T84,issue,1,INC0104084
2026-09-16,SSD-NVME-U2-3T84,issue,1,INC0104107
2026-09-19,SSD-NVME-U2-3T84,issue,1,INC0104093
2026-09-23,SSD-NVME-U2-3T84,issue,1,INC0104134
2025-10-02,HDD-SAS-12T,issue,1,INC0104339
2025-10-12,HDD-SAS-12T,issue,1,INC0104379
2025-10-30,HDD-SAS-12T,issue,1,INC0104433
2025-10-30,HDD-SAS-12T,issue,1,INC0104432
2025-10-30,HDD-SAS-12T,order,5,PO-5017
2025-11-12,HDD-SAS-12T,receipt,5,PO-5017
2025-11-14,HDD-SAS-12T,issue,1,INC0104475
2026-01-01,HDD-SAS-12T,issue,1,INC0104656
2026-01-09,HDD-SAS-12T,issue,1,INC0104692
2026-01-09,HDD-SAS-12T,issue,1,INC0104693
2026-01-31,HDD-SAS-12T,issue,1,INC0104759
2026-01-31,HDD-SAS-12T,order,5,PO-5018
2026-02-03,HDD-SAS-12T,issue,1,INC0104767
2026-02-14,HDD-SAS-12T,receipt,5,PO-5018
2026-02-28,HDD-SAS-12T,issue,1,INC0104858
2026-03-17,HDD-SAS-12T,issue,1,INC0104900
2026-04-06,HDD-SAS-12T,issue,1,INC0104964
2026-04-18,HDD-SAS-12T,issue,1,INC0105001
2026-04-18,HDD-SAS-12T,order,5,PO-5019
2026-04-20,HDD-SAS-12T,issue,1,INC0105007
2026-04-30,HDD-SAS-12T,receipt,5,PO-5019
2026-05-07,HDD-SAS-12T,issue,1,INC0105080
2026-05-08,HDD-SAS-12T,issue,1,INC0105084
2026-05-10,HDD-SAS-12T,issue,1,INC0105092
2026-05-11,HDD-SAS-12T,issue,1,INC0105099
2026-05-11,HDD-SAS-12T,order,5,PO-5020
2026-05-22,HDD-SAS-12T,receipt,5,PO-5020
2026-05-28,HDD-SAS-12T,issue,1,INC0105154
2026-06-11,HDD-SAS-12T,issue,1,INC0105192
2026-06-12,HDD-SAS-12T,issue,1,INC0105212
2026-06-16,HDD-SAS-12T,issue,1,INC0105213
2026-06-17,HDD-SAS-12T,issue,1,INC0105226
2026-06-17,HDD-SAS-12T,order,5,PO-5021
2026-06-20,HDD-SAS-12T,issue,1,INC0105227
2026-06-30,HDD-SAS-12T,receipt,5,PO-5021
2026-07-18,HDD-SAS-12T,issue,1,INC0104121
2026-07-21,HDD-SAS-12T,issue,1,INC0104123
2026-07-24,HDD-SAS-12T,issue,1,INC0104109
2026-08-04,HDD-SAS-12T,issue,1,INC0104115
2026-08-04,HDD-SAS-12T,order,5,PO-5022
2026-08-06,HDD-SAS-12T,issue,1,INC0104110
2026-08-11,HDD-SAS-12T,issue,1,INC0104111
2026-08-16,HDD-SAS-12T,receipt,5,PO-5022
2026-08-27,HDD-SAS-12T,issue,1,INC0104113
2026-08-29,HDD-SAS-12T,issue,1,INC0104120
2026-09-09,HDD-SAS-12T,issue,1,INC0104122
2026-09-09,HDD-SAS-12T,order,5,PO-5023
2026-09-18,HDD-SAS-12T,issue,1,INC0104108
2026-09-19,HDD-SAS-12T,issue,1,INC0104118
2026-09-19,HDD-SAS-12T,issue,1,INC0104116
2026-09-22,HDD-SAS-12T,receipt,5,PO-5023
2025-10-04,PSU-DEL-1400W,issue,1,INC0104330
2025-10-09,PSU-DEL-1400W,issue,1,INC0104366
2025-10-16,PSU-DEL-1400W,issue,1,INC0104396
2025-10-24,PSU-DEL-1400W,issue,1,INC0104414
2025-10-24,PSU-DEL-1400W,order,5,PO-5024
2025-10-31,PSU-DEL-1400W,issue,1,INC0104423
2025-11-05,PSU-DEL-1400W,receipt,5,PO-5024
2025-11-16,PSU-DEL-1400W,issue,1,INC0104482
2025-11-18,PSU-DEL-1400W,issue,1,INC0104492
2025-11-20,PSU-DEL-1400W,issue,1,INC0104493
2025-11-25,PSU-DEL-1400W,issue,1,INC0104520
2025-11-25,PSU-DEL-1400W,order,5,PO-5025
2025-12-09,PSU-DEL-1400W,receipt,5,PO-5025
2025-12-25,PSU-DEL-1400W,issue,1,INC0104634
2025-12-31,PSU-DEL-1400W,issue,1,INC0104653
2026-01-15,PSU-DEL-1400W,issue,1,INC0104718
2026-01-21,PSU-DEL-1400W,issue,1,INC0104727
2026-01-22,PSU-DEL-1400W,issue,1,INC0104731
2026-01-22,PSU-DEL-1400W,order,5,PO-5026
2026-01-26,PSU-DEL-1400W,issue,1,INC0104746
2026-01-28,PSU-DEL-1400W,issue,1,INC0104749
2026-02-02,PSU-DEL-1400W,receipt,5,PO-5026
2026-02-09,PSU-DEL-1400W,issue,1,INC0104802
2026-03-01,PSU-DEL-1400W,issue,1,INC0104862
2026-03-05,PSU-DEL-1400W,issue,1,INC0104872
2026-03-05,PSU-DEL-1400W,order,5,PO-5027
2026-03-13,PSU-DEL-1400W,issue,1,INC0104887
2026-03-17,PSU-DEL-1400W,receipt,5,PO-5027
2026-03-19,PSU-DEL-1400W,issue,1,INC0104911
2026-03-21,PSU-DEL-1400W,issue,1,INC0104919
2026-04-09,PSU-DEL-1400W,issue,1,INC0104973
2026-04-20,PSU-DEL-1400W,issue,1,INC0105008
2026-04-20,PSU-DEL-1400W,order,5,PO-5028
2026-04-27,PSU-DEL-1400W,issue,1,INC0105041
2026-05-02,PSU-DEL-1400W,issue,1,INC0105062
2026-05-04,PSU-DEL-1400W,receipt,5,PO-5028
2026-05-09,PSU-DEL-1400W,issue,1,INC0105089
2026-05-24,PSU-DEL-1400W,issue,1,INC0105144
2026-06-16,PSU-DEL-1400W,issue,1,INC0105223
2026-06-16,PSU-DEL-1400W,order,5,PO-5029
2026-06-23,PSU-DEL-1400W,issue,1,INC0105247
2026-06-27,PSU-DEL-1400W,receipt,5,PO-5029
2026-07-10,PSU-DEL-1400W,issue,1,INC0104176
2026-07-29,PSU-DEL-1400W,issue,1,INC0104173
2026-08-08,PSU-DEL-1400W,issue,1,INC0104169
2026-08-13,PSU-DEL-1400W,issue,1,INC0104165
2026-08-13,PSU-DEL-1400W,order,5,PO-5030
2026-08-15,PSU-DEL-1400W,issue,1,INC0104151
2026-08-26,PSU-DEL-1400W,receipt,5,PO-5030
2026-09-08,PSU-DEL-1400W,issue,1,INC0104156
2026-09-15,PSU-DEL-1400W,issue,1,INC0104179
2025-09-26,PSU-HPE-1600W,issue,1,INC0104318
2025-10-04,PSU-HPE-1600W,issue,1,INC0104350
2025-10-22,PSU-HPE-1600W,issue,1,INC0104406
2025-10-22,PSU-HPE-1600W,order,5,PO-5031
2025-11-05,PSU-HPE-1600W,issue,1,INC0104450
2025-11-08,PSU-HPE-1600W,receipt,5,PO-5031
2025-11-28,PSU-HPE-1600W,issue,1,INC0104536
2025-12-11,PSU-HPE-1600W,issue,1,INC0104583
2025-12-18,PSU-HPE-1600W,issue,1,INC0104609
2025-12-22,PSU-HPE-1600W,issue,1,INC0104619
2025-12-22,PSU-HPE-1600W,order,5,PO-5032
2025-12-24,PSU-HPE-1600W,issue,1,INC0104631
2026-01-09,PSU-HPE-1600W,receipt,5,PO-5032
2026-01-22,PSU-HPE-1600W,issue,1,INC0104730
2026-02-05,PSU-HPE-1600W,issue,1,INC0104773
2026-02-09,PSU-HPE-1600W,issue,1,INC0104801
2026-02-09,PSU-HPE-1600W,issue,1,INC0104800
2026-02-09,PSU-HPE-1600W,order,5,PO-5033
2026-02-24,PSU-HPE-1600W,issue,1,INC0104847
2026-02-27,PSU-HPE-1600W,receipt,5,PO-5033
2026-03-01,PSU-HPE-1600W,issue,1,INC0104848
2026-03-03,PSU-HPE-1600W,issue,1,INC0104868
2026-03-09,PSU-HPE-1600W,issue,1,INC0104877
2026-03-16,PSU-HPE-1600W,issue,1,INC0104881
2026-03-16,PSU-HPE-1600W,order,5,PO-5034
2026-03-17,PSU-HPE-1600W,issue,1,INC0104901
2026-04-03,PSU-HPE-1600W,receipt,5,PO-5034
2026-04-11,PSU-HPE-1600W,issue,1,INC0104979
2026-04-15,PSU-HPE-1600W,issue,1,INC0104994
2026-05-15,PSU-HPE-1600W,issue,1,INC0105111
2026-05-31,PSU-HPE-1600W,issue,1,INC0105165
2026-05-31,PSU-HPE-1600W,order,5,PO-5035
2026-06-17,PSU-HPE-1600W,receipt,5,PO-5035
2026-06-20,PSU-HPE-1600W,issue,1,INC0105225
2026-06-23,PSU-HPE-1600W,issue,1,INC0105246
2026-07-05,PSU-HPE-1600W,issue,1,INC0104154
2026-07-19,PSU-HPE-1600W,issue,1,INC0104146
2026-08-15,PSU-HPE-1600W,issue,1,INC0104147
2026-08-15,PSU-HPE-1600W,order,5,PO-5036
2026-08-23,PSU-HPE-1600W,issue,1,INC0104163
2026-08-24,PSU-HPE-1600W,issue,1,INC0104144
2026-08-29,PSU-HPE-1600W,issue,1,INC0104174
2026-08-30,PSU-HPE-1600W,issue,1,INC0104153
2026-08-30,PSU-HPE-1600W,issue,1,INC0104157
2026-08-30,PSU-HPE-1600W,backorder,2,expedite
2026-09-02,PSU-HPE-1600W,receipt,5,PO-5036
2026-09-04,PSU-HPE-1600W,issue,1,INC0104158
2026-09-10,PSU-HPE-1600W,issue,1,INC0104167
2026-09-10,PSU-HPE-1600W,order,5,PO-5037
2026-09-11,PSU-HPE-1600W,issue,1,INC0104168
2025-11-02,PSU-LNV-1100W,issue,1,INC0104442
2025-11-06,PSU-LNV-1100W,issue,1,INC0104453
2025-11-06,PSU-LNV-1100W,order,5,PO-5038
2025-11-19,PSU-LNV-1100W,receipt,5,PO-5038
2025-11-29,PSU-LNV-1100W,issue,1,INC0104537
2025-12-01,PSU-LNV-1100W,issue,1,INC0104544
2025-12-09,PSU-LNV-1100W,issue,1,INC0104580
2025-12-24,PSU-LNV-1100W,issue,1,INC0104632
2025-12-25,PSU-LNV-1100W,issue,1,INC0104621
2025-12-25,PSU-LNV-1100W,order,5,PO-5039
2026-01-08,PSU-LNV-1100W,receipt,5,PO-5039
2026-01-12,PSU-LNV-1100W,issue,1,INC0104707
2026-01-16,PSU-LNV-1100W,issue,1,INC0104708
2026-01-20,PSU-LNV-1100W,issue,1,INC0104726
2026-01-23,PSU-LNV-1100W,issue,1,INC0104734
2026-02-02,PSU-LNV-1100W,issue,1,INC0104765
2026-02-02,PSU-LNV-1100W,order,5,PO-5040
2026-02-12,PSU-LNV-1100W,issue,1,INC0104817
2026-02-15,PSU-LNV-1100W,issue,1,INC0104823
2026-02-17,PSU-LNV-1100W,receipt,5,PO-5040
2026-02-18,PSU-LNV-1100W,issue,1,INC0104833
2026-02-23,PSU-LNV-1100W,issue,1,INC0104844
2026-02-27,PSU-LNV-1100W,issue,1,INC0104853
2026-02-27,PSU-LNV-1100W,order,5,PO-5041
2026-03-15,PSU-LNV-1100W,receipt,5,PO-5041
2026-03-20,PSU-LNV-1100W,issue,1,INC0104915
2026-03-31,PSU-LNV-1100W,issue,1,INC0104946
2026-04-03,PSU-LNV-1100W,issue,1,INC0104954
2026-04-09,PSU-LNV-1100W,issue,1,INC0104974
2026-04-12,PSU-LNV-1100W,issue,1,INC0104978
2026-04-12,PSU-LNV-1100W,order,5,PO-5042
2026-04-14,PSU-LNV-1100W,issue,1,INC0104992
2026-04-26,PSU-LNV-1100W,receipt,5,PO-5042
2026-05-13,PSU-LNV-1100W,issue,1,INC0105103
2026-05-15,PSU-LNV-1100W,issue,1,INC0105112
2026-05-30,PSU-LNV-1100W,issue,1,INC0105161
2026-05-30,PSU-LNV-1100W,issue,1,INC0105162
2026-05-30,PSU-LNV-1100W,order,5,PO-5043
2026-06-07,PSU-LNV-1100W,issue,1,INC0105193
2026-06-13,PSU-LNV-1100W,issue,1,INC0105217
2026-06-15,PSU-LNV-1100W,receipt,5,PO-5043
2026-06-25,PSU-LNV-1100W,issue,1,INC0105251
2026-06-26,PSU-LNV-1100W,issue,1,INC0105256
2026-07-07,PSU-LNV-1100W,issue,1,INC0104142
2026-07-07,PSU-LNV-1100W,order,5,PO-5044
2026-07-08,PSU-LNV-1100W,issue,1,INC0104171
2026-07-12,PSU-LNV-1100W,issue,1,INC0104177
2026-07-21,PSU-LNV-1100W,receipt,5,PO-5044
2026-07-23,PSU-LNV-1100W,issue,1,INC0104178
2026-07-26,PSU-LNV-1100W,issue,1,INC0104148
2026-07-27,PSU-LNV-1100W,issue,1,INC0104172
2026-07-27,PSU-LNV-1100W,order,5,PO-5045
2026-08-02,PSU-LNV-1100W,issue,1,INC0104145
2026-08-12,PSU-LNV-1100W,receipt,5,PO-5045
2026-08-14,PSU-LNV-1100W,issue,1,INC0104149
2026-08-18,PSU-LNV-1100W,issue,1,INC0104150
2025-11-19,PSU-GPU-2800W,issue,1,INC0104497
2025-11-21,PSU-GPU-2800W,issue,1,INC0104506
2025-11-24,PSU-GPU-2800W,issue,1,INC0104498
2025-11-24,PSU-GPU-2800W,order,5,PO-5046
2025-11-29,PSU-GPU-2800W,issue,1,INC0104522
2025-12-05,PSU-GPU-2800W,issue,1,INC0104565
2025-12-08,PSU-GPU-2800W,issue,1,INC0104576
2025-12-08,PSU-GPU-2800W,backorder,1,expedite
2025-12-14,PSU-GPU-2800W,issue,1,INC0104593
2025-12-14,PSU-GPU-2800W,backorder,1,expedite
2025-12-23,PSU-GPU-2800W,receipt,5,PO-5046
2025-12-27,PSU-GPU-2800W,issue,1,INC0104639
2025-12-27,PSU-GPU-2800W,issue,1,INC0104638
2025-12-31,PSU-GPU-2800W,issue,1,INC0104654
2025-12-31,PSU-GPU-2800W,order,5,PO-5047
2026-01-01,PSU-GPU-2800W,issue,1,INC0104657
2026-01-05,PSU-GPU-2800W,issue,1,INC0104665
2026-01-27,PSU-GPU-2800W,receipt,5,PO-5047
2026-02-09,PSU-GPU-2800W,issue,1,INC0104798
2026-02-09,PSU-GPU-2800W,issue,1,INC0104799
2026-02-18,PSU-GPU-2800W,issue,1,INC0104831
2026-02-18,PSU-GPU-2800W,order,5,PO-5048
2026-02-20,PSU-GPU-2800W,issue,1,INC0104832
2026-03-16,PSU-GPU-2800W,issue,1,INC0104896
2026-03-19,PSU-GPU-2800W,receipt,5,PO-5048
2026-03-20,PSU-GPU-2800W,issue,1,INC0104916
2026-03-27,PSU-GPU-2800W,issue,1,INC0104934
2026-04-19,PSU-GPU-2800W,issue,1,INC0105005
2026-04-19,PSU-GPU-2800W,order,5,PO-5049
2026-04-25,PSU-GPU-2800W,issue,1,INC0105032
2026-05-19,PSU-GPU-2800W,receipt,5,PO-5049
2026-07-06,PSU-GPU-2800W,issue,1,INC0104191
2026-07-11,PSU-GPU-2800W,issue,1,INC0104193
2026-07-14,PSU-GPU-2800W,issue,1,INC0104187
2026-07-27,PSU-GPU-2800W,issue,1,INC0104190
2026-07-27,PSU-GPU-2800W,order,5,PO-5050
2026-07-28,PSU-GPU-2800W,issue,1,INC0104185
2026-08-04,PSU-GPU-2800W,issue,1,INC0104196
2026-08-25,PSU-GPU-2800W,issue,1,INC0104184
2026-08-25,PSU-GPU-2800W,backorder,1,expedite
2026-08-26,PSU-GPU-2800W,receipt,5,PO-5050
2026-09-01,PSU-GPU-2800W,issue,1,INC0104183
2026-09-01,PSU-GPU-2800W,issue,1,INC0104189
2026-09-11,PSU-GPU-2800W,issue,1,INC0104180
2026-09-11,PSU-GPU-2800W,order,5,PO-5051
2026-09-15,PSU-GPU-2800W,issue,1,INC0104182
2026-09-15,PSU-GPU-2800W,issue,1,INC0104181
2025-09-27,FAN-DEL-R760,issue,1,INC0104323
2025-10-03,FAN-DEL-R760,issue,1,INC0104346
2025-10-15,FAN-DEL-R760,issue,1,INC0104388
2025-10-24,FAN-DEL-R760,issue,1,INC0104416
2025-11-20,FAN-DEL-R760,issue,1,INC0104501
2025-11-21,FAN-DEL-R760,issue,1,INC0104509
2025-11-21,FAN-DEL-R760,order,8,PO-5052
2025-11-29,FAN-DEL-R760,receipt,8,PO-5052
2025-11-29,FAN-DEL-R760,issue,1,INC0104539
2025-12-04,FAN-DEL-R760,issue,1,INC0104560
2025-12-09,FAN-DEL-R760,issue,1,INC0104577
2025-12-12,FAN-DEL-R760,issue,1,INC0104586
2025-12-13,FAN-DEL-R760,issue,1,INC0104587
2025-12-14,FAN-DEL-R760,issue,1,INC0104596
2025-12-15,FAN-DEL-R760,issue,1,INC0104589
2025-12-15,FAN-DEL-R760,order,8,PO-5053
2025-12-16,FAN-DEL-R760,issue,1,INC0104600
2025-12-16,FAN-DEL-R760,issue,1,INC0104599
2025-12-20,FAN-DEL-R760,issue,1,INC0104613
2025-12-20,FAN-DEL-R760,backorder,1,expedite
2025-12-24,FAN-DEL-R760,issue,1,INC0104633
2025-12-24,FAN-DEL-R760,backorder,1,expedite
2025-12-26,FAN-DEL-R760,receipt,8,PO-5053
2025-12-30,FAN-DEL-R760,issue,1,INC0104650
2026-01-26,FAN-DEL-R760,issue,1,INC0104745
2026-01-28,FAN-DEL-R760,issue,1,INC0104752
2026-01-29,FAN-DEL-R760,issue,1,INC0104754
2026-01-29,FAN-DEL-R760,order,8,PO-5054
2026-02-05,FAN-DEL-R760,issue,1,INC0104774
2026-02-05,FAN-DEL-R760,issue,1,INC0104779
2026-02-07,FAN-DEL-R760,receipt,8,PO-5054
2026-02-09,FAN-DEL-R760,issue,1,INC0104808
2026-02-09,FAN-DEL-R760,issue,1,INC0104806
2026-02-10,FAN-DEL-R760,issue,1,INC0104807
2026-02-10,FAN-DEL-R760,issue,1,INC0104809
2026-02-11,FAN-DEL-R760,issue,1,INC0104815
2026-02-15,FAN-DEL-R760,issue,1,INC0104810
2026-02-15,FAN-DEL-R760,order,8,PO-5055
2026-02-21,FAN-DEL-R760,issue,1,INC0104837
2026-02-25,FAN-DEL-R760,receipt,8,PO-5055
2026-02-27,FAN-DEL-R760,issue,1,INC0104856
2026-03-09,FAN-DEL-R760,issue,1,INC0104876
2026-03-17,FAN-DEL-R760,issue,1,INC0104902
2026-03-19,FAN-DEL-R760,issue,1,INC0104913
2026-03-19,FAN-DEL-R760,issue,1,INC0104909
2026-04-04,FAN-DEL-R760,issue,1,INC0104955
2026-04-04,FAN-DEL-R760,order,8,PO-5056
2026-04-13,FAN-DEL-R760,receipt,8,PO-5056
2026-04-20,FAN-DEL-R760,issue,1,INC0105010
2026-04-25,FAN-DEL-R760,issue,1,INC0105033
2026-05-08,FAN-DEL-R760,issue,1,INC0105087
2026-05-16,FAN-DEL-R760,issue,1,INC0105122
2026-05-29,FAN-DEL-R760,issue,1,INC0105157
2026-05-31,FAN-DEL-R760,issue,1,INC0105170
2026-06-02,FAN-DEL-R760,issue,1,INC0105179
2026-06-03,FAN-DEL-R760,issue,1,INC0105181
2026-06-03,FAN-DEL-R760,order,8,PO-5057
2026-06-10,FAN-DEL-R760,issue,1,INC0105202
2026-06-11,FAN-DEL-R760,receipt,8,PO-5057
2026-07-06,FAN-DEL-R760,issue,1,INC0104280
2026-07-07,FAN-DEL-R760,issue,1,INC0104271
2026-07-17,FAN-DEL-R760,issue,1,INC0104295
2026-07-19,FAN-DEL-R760,issue,1,INC0104274
2026-07-23,FAN-DEL-R760,issue,1,INC0104282
2026-08-11,FAN-DEL-R760,issue,1,INC0104285
2026-08-29,FAN-DEL-R760,issue,1,INC0104259
2026-08-29,FAN-DEL-R760,order,8,PO-5058
2026-09-03,FAN-DEL-R760,issue,1,INC0104277
2026-09-03,FAN-DEL-R760,issue,1,INC0104299
2026-09-04,FAN-DEL-R760,issue,1,INC0104278
2026-09-06,FAN-DEL-R760,receipt,8,PO-5058
2026-09-06,FAN-DEL-R760,issue,1,INC0104284
2026-09-08,FAN-DEL-R760,issue,1,INC0104293
2026-09-09,FAN-DEL-R760,issue,1,INC0104260
2026-09-19,FAN-DEL-R760,issue,1,INC0104301
2026-09-20,FAN-DEL-R760,issue,1,INC0104266
2026-09-20,FAN-DEL-R760,order,8,PO-5059
2025-09-29,FAN-HPE-DL380,issue,1,INC0104322
2025-10-03,FAN-HPE-DL380,issue,1,INC0104347
2025-10-11,FAN-HPE-DL380,issue,1,INC0104377
2025-10-14,FAN-HPE-DL380,issue,1,INC0104368
2025-10-19,FAN-HPE-DL380,issue,1,INC0104404
2025-10-19,FAN-HPE-DL380,order,6,PO-5060
2025-10-28,FAN-HPE-DL380,issue,1,INC0104429
2025-11-04,FAN-HPE-DL380,issue,1,INC0104444
2025-11-04,FAN-HPE-DL380,backorder,1,expedite
2025-11-09,FAN-HPE-DL380,receipt,6,PO-5060
2025-11-19,FAN-HPE-DL380,issue,1,INC0104500
2025-11-21,FAN-HPE-DL380,issue,1,INC0104508
2025-12-02,FAN-HPE-DL380,issue,1,INC0104549
2025-12-06,FAN-HPE-DL380,issue,1,INC0104571
2025-12-06,FAN-HPE-DL380,order,6,PO-5061
2025-12-27,FAN-HPE-DL380,receipt,6,PO-5061
2026-01-08,FAN-HPE-DL380,issue,1,INC0104688
2026-01-10,FAN-HPE-DL380,issue,1,INC0104699
2026-01-22,FAN-HPE-DL380,issue,1,INC0104733
2026-02-05,FAN-HPE-DL380,issue,1,INC0104775
2026-02-07,FAN-HPE-DL380,issue,1,INC0104787
2026-02-08,FAN-HPE-DL380,issue,1,INC0104788
2026-02-08,FAN-HPE-DL380,issue,1,INC0104777
2026-02-08,FAN-HPE-DL380,order,6,PO-5062
2026-02-11,FAN-HPE-DL380,issue,1,INC0104816
2026-02-14,FAN-HPE-DL380,issue,1,INC0104820
2026-02-14,FAN-HPE-DL380,backorder,1,expedite
2026-02-19,FAN-HPE-DL380,issue,1,INC0104821
2026-02-19,FAN-HPE-DL380,backorder,1,expedite
2026-02-28,FAN-HPE-DL380,receipt,6,PO-5062
2026-04-01,FAN-HPE-DL380,issue,1,INC0104950
2026-04-06,FAN-HPE-DL380,issue,1,INC0104965
2026-04-08,FAN-HPE-DL380,issue,1,INC0104966
2026-04-12,FAN-HPE-DL380,issue,1,INC0104983
2026-04-12,FAN-HPE-DL380,order,6,PO-5063
2026-04-13,FAN-HPE-DL380,issue,1,INC0104988
2026-04-16,FAN-HPE-DL380,issue,1,INC0104998
2026-04-20,FAN-HPE-DL380,issue,1,INC0105013
2026-04-20,FAN-HPE-DL380,backorder,1,expedite
2026-04-21,FAN-HPE-DL380,issue,1,INC0105017
2026-04-21,FAN-HPE-DL380,backorder,1,expedite
2026-04-22,FAN-HPE-DL380,issue,1,INC0105023
2026-04-22,FAN-HPE-DL380,backorder,1,expedite
2026-04-25,FAN-HPE-DL380,issue,1,INC0105018
2026-04-25,FAN-HPE-DL380,backorder,1,expedite
2026-05-02,FAN-HPE-DL380,receipt,6,PO-5063
2026-05-15,FAN-HPE-DL380,issue,1,INC0105114
2026-05-17,FAN-HPE-DL380,issue,1,INC0105106
2026-05-27,FAN-HPE-DL380,issue,1,INC0105150
2026-06-02,FAN-HPE-DL380,issue,1,INC0105177
2026-06-02,FAN-HPE-DL380,order,6,PO-5064
2026-06-25,FAN-HPE-DL380,receipt,6,PO-5064
2026-06-25,FAN-HPE-DL380,issue,1,INC0105252
2026-06-26,FAN-HPE-DL380,issue,1,INC0105258
2026-07-01,FAN-HPE-DL380,issue,1,INC0104298
2026-07-04,FAN-HPE-DL380,issue,1,INC0104289
2026-07-12,FAN-HPE-DL380,issue,1,INC0104296
2026-07-12,FAN-HPE-DL380,order,6,PO-5065
2026-08-03,FAN-HPE-DL380,receipt,6,PO-5065
2026-08-04,FAN-HPE-DL380,issue,1,INC0104297
2026-08-07,FAN-HPE-DL380,issue,1,INC0104114
2026-08-19,FAN-HPE-DL380,issue,1,INC0104262
2026-09-01,FAN-HPE-DL380,issue,1,INC0104270
2025-09-30,FAN-LNV-SR650,issue,1,INC0104337
2025-10-02,FAN-LNV-SR650,issue,1,INC0104338
2025-10-04,FAN-LNV-SR650,issue,1,INC0104351
2025-10-09,FAN-LNV-SR650,issue,1,INC0104364
2025-10-09,FAN-LNV-SR650,order,9,PO-5066
2025-10-12,FAN-LNV-SR650,issue,1,INC0104380
2025-10-14,FAN-LNV-SR650,issue,1,INC0104389
2025-10-19,FAN-LNV-SR650,receipt,9,PO-5066
2025-10-27,FAN-LNV-SR650,issue,1,INC0104426
2025-11-04,FAN-LNV-SR650,issue,1,INC0104449
2025-11-16,FAN-LNV-SR650,issue,1,INC0104487
2025-11-17,FAN-LNV-SR650,issue,1,INC0104486
2025-11-23,FAN-LNV-SR650,issue,1,INC0104513
2025-11-27,FAN-LNV-SR650,issue,1,INC0104516
2025-11-29,FAN-LNV-SR650,issue,1,INC0104538
2025-11-29,FAN-LNV-SR650,order,9,PO-5067
2025-12-03,FAN-LNV-SR650,issue,1,INC0104555
2025-12-04,FAN-LNV-SR650,issue,1,INC0104557
2025-12-05,FAN-LNV-SR650,issue,1,INC0104562
2025-12-05,FAN-LNV-SR650,issue,1,INC0104569
2025-12-11,FAN-LNV-SR650,receipt,9,PO-5067
2025-12-22,FAN-LNV-SR650,issue,1,INC0104625
2025-12-27,FAN-LNV-SR650,issue,1,INC0104640
2025-12-31,FAN-LNV-SR650,issue,1,INC0104655
2026-01-15,FAN-LNV-SR650,issue,1,INC0104719
2026-01-15,FAN-LNV-SR650,order,9,PO-5068
2026-01-28,FAN-LNV-SR650,receipt,9,PO-5068
2026-01-30,FAN-LNV-SR650,issue,1,INC0104755
2026-02-02,FAN-LNV-SR650,issue,1,INC0104766
2026-02-06,FAN-LNV-SR650,issue,1,INC0104781
2026-02-08,FAN-LNV-SR650,issue,1,INC0104791
2026-02-13,FAN-LNV-SR650,issue,1,INC0104818
2026-02-16,FAN-LNV-SR650,issue,1,INC0104826
2026-02-19,FAN-LNV-SR650,issue,1,INC0104827
2026-03-12,FAN-LNV-SR650,issue,1,INC0104883
2026-03-12,FAN-LNV-SR650,order,9,PO-5069
2026-03-13,FAN-LNV-SR650,issue,1,INC0104888
2026-03-17,FAN-LNV-SR650,issue,1,INC0104889
2026-03-24,FAN-LNV-SR650,issue,1,INC0104923
2026-03-24,FAN-LNV-SR650,issue,1,INC0104925
2026-03-25,FAN-LNV-SR650,receipt,9,PO-5069
2026-03-29,FAN-LNV-SR650,issue,1,INC0104938
2026-04-04,FAN-LNV-SR650,issue,1,INC0104956
2026-04-07,FAN-LNV-SR650,issue,1,INC0104969
2026-04-13,FAN-LNV-SR650,issue,1,INC0104987
2026-04-20,FAN-LNV-SR650,issue,1,INC0105012
2026-04-20,FAN-LNV-SR650,order,9,PO-5070
2026-04-27,FAN-LNV-SR650,issue,1,INC0105045
2026-04-30,FAN-LNV-SR650,receipt,9,PO-5070
2026-05-06,FAN-LNV-SR650,issue,1,INC0105078
2026-05-07,FAN-LNV-SR650,issue,1,INC0105081
2026-05-14,FAN-LNV-SR650,issue,1,INC0105107
2026-05-25,FAN-LNV-SR650,issue,1,INC0105151
2026-05-26,FAN-LNV-SR650,issue,1,INC0105153
2026-05-31,FAN-LNV-SR650,issue,1,INC0105171
2026-05-31,FAN-LNV-SR650,issue,1,INC0105168
2026-05-31,FAN-LNV-SR650,order,9,PO-5071
2026-06-05,FAN-LNV-SR650,issue,1,INC0105188
2026-06-09,FAN-LNV-SR650,issue,1,INC0105199
2026-06-11,FAN-LNV-SR650,issue,1,INC0105209
2026-06-11,FAN-LNV-SR650,issue,1,INC0105208
2026-06-11,FAN-LNV-SR650,issue,1,INC0105210
2026-06-11,FAN-LNV-SR650,backorder,1,expedite
2026-06-12,FAN-LNV-SR650,receipt,9,PO-5071
2026-06-25,FAN-LNV-SR650,issue,1,INC0105239
2026-07-10,FAN-LNV-SR650,issue,1,INC0104257
2026-07-25,FAN-LNV-SR650,issue,1,INC0104265
2026-08-12,FAN-LNV-SR650,issue,1,INC0104302
2026-08-12,FAN-LNV-SR650,order,9,PO-5072
2026-08-14,FAN-LNV-SR650,issue,1,INC0104258
2026-08-22,FAN-LNV-SR650,receipt,9,PO-5072
2026-08-23,FAN-LNV-SR650,issue,1,INC0104292
2026-08-29,FAN-LNV-SR650,issue,1,INC0104100
2026-09-04,FAN-LNV-SR650,issue,1,INC0104268
2026-09-06,FAN-LNV-SR650,issue,1,INC0104269
2026-09-12,FAN-LNV-SR650,issue,1,INC0104300
2026-09-15,FAN-LNV-SR650,issue,1,INC0104279
2026-09-16,FAN-LNV-SR650,issue,1,INC0104264
2025-10-02,FAN-GPU-HP80,issue,1,INC0104340
2025-10-24,FAN-GPU-HP80,issue,1,INC0104415
2025-11-03,FAN-GPU-HP80,issue,1,INC0104446
2025-11-03,FAN-GPU-HP80,order,6,PO-5073
2025-11-13,FAN-GPU-HP80,issue,1,INC0104473
2025-11-20,FAN-GPU-HP80,receipt,6,PO-5073
2025-12-07,FAN-GPU-HP80,issue,1,INC0104574
2025-12-16,FAN-GPU-HP80,issue,1,INC0104604
2026-01-14,FAN-GPU-HP80,issue,1,INC0104710
2026-01-17,FAN-GPU-HP80,issue,1,INC0104722
2026-01-26,FAN-GPU-HP80,issue,1,INC0104747
2026-01-26,FAN-GPU-HP80,order,6,PO-5074
2026-01-27,FAN-GPU-HP80,issue,1,INC0104748
2026-02-01,FAN-GPU-HP80,issue,1,INC0104761
2026-02-07,FAN-GPU-HP80,issue,1,INC0104783
2026-02-08,FAN-GPU-HP80,issue,1,INC0104792
2026-02-13,FAN-GPU-HP80,receipt,6,PO-5074
2026-03-12,FAN-GPU-HP80,issue,1,INC0104882
2026-04-01,FAN-GPU-HP80,issue,1,INC0104952
2026-04-01,FAN-GPU-HP80,order,6,PO-5075
2026-04-19,FAN-GPU-HP80,receipt,6,PO-5075
2026-04-27,FAN-GPU-HP80,issue,1,INC0105046
2026-04-29,FAN-GPU-HP80,issue,1,INC0105054
2026-05-06,FAN-GPU-HP80,issue,1,INC0105076
2026-05-06,FAN-GPU-HP80,issue,1,INC0105079
2026-05-15,FAN-GPU-HP80,issue,1,INC0105113
2026-05-16,FAN-GPU-HP80,issue,1,INC0105118
2026-05-16,FAN-GPU-HP80,issue,1,INC0105120
2026-05-16,FAN-GPU-HP80,order,6,PO-5076
2026-05-18,FAN-GPU-HP80,issue,1,INC0105119
2026-05-19,FAN-GPU-HP80,issue,1,INC0105133
2026-06-04,FAN-GPU-HP80,receipt,6,PO-5076
2026-06-21,FAN-GPU-HP80,issue,1,INC0105240
2026-06-25,FAN-GPU-HP80,issue,1,INC0105253
2026-06-26,FAN-GPU-HP80,issue,1,INC0105257
2026-06-26,FAN-GPU-HP80,order,6,PO-5077
2026-07-14,FAN-GPU-HP80,receipt,6,PO-5077
2026-07-18,FAN-GPU-HP80,issue,1,INC0104312
2026-07-21,FAN-GPU-HP80,issue,1,INC0104313
2026-07-23,FAN-GPU-HP80,issue,1,INC0104309
2026-07-30,FAN-GPU-HP80,issue,1,INC0104131
2026-08-01,FAN-GPU-HP80,issue,1,INC0104317
2026-08-08,FAN-GPU-HP80,issue,1,INC0104311
2026-08-08,FAN-GPU-HP80,order,6,PO-5078
2026-08-16,FAN-GPU-HP80,issue,1,INC0104308
2026-08-17,FAN-GPU-HP80,issue,1,INC0104310
2026-08-22,FAN-GPU-HP80,issue,1,INC0104315
2026-08-26,FAN-GPU-HP80,receipt,6,PO-5078
2026-08-28,FAN-GPU-HP80,issue,1,INC0104304
2026-09-04,FAN-GPU-HP80,issue,1,INC0104136
2026-09-07,FAN-GPU-HP80,issue,1,INC0104137
2026-09-07,FAN-GPU-HP80,order,6,PO-5079
2026-09-09,FAN-GPU-HP80,issue,1,INC0104303
2026-09-16,FAN-GPU-HP80,issue,1,INC0104316
2025-11-13,NIC-OCP3-25G-DP,issue,1,INC0104472
2025-11-26,NIC-OCP3-25G-DP,issue,1,INC0104527
2025-11-26,NIC-OCP3-25G-DP,issue,1,INC0104526
2025-11-26,NIC-OCP3-25G-DP,issue,1,INC0104525
2025-11-26,NIC-OCP3-25G-DP,order,6,PO-5080
2025-11-27,NIC-OCP3-25G-DP,issue,1,INC0104533
2025-12-06,NIC-OCP3-25G-DP,issue,1,INC0104570
2025-12-07,NIC-OCP3-25G-DP,receipt,6,PO-5080
2025-12-26,NIC-OCP3-25G-DP,issue,1,INC0104637
2025-12-28,NIC-OCP3-25G-DP,issue,1,INC0104642
2025-12-30,NIC-OCP3-25G-DP,issue,1,INC0104648
2026-01-01,NIC-OCP3-25G-DP,issue,1,INC0104659
2026-01-01,NIC-OCP3-25G-DP,order,6,PO-5081
2026-01-06,NIC-OCP3-25G-DP,issue,1,INC0104674
2026-01-12,NIC-OCP3-25G-DP,receipt,6,PO-5081
2026-01-14,NIC-OCP3-25G-DP,issue,1,INC0104714
2026-01-17,NIC-OCP3-25G-DP,issue,1,INC0104715
2026-01-21,NIC-OCP3-25G-DP,issue,1,INC0104728
2026-02-15,NIC-OCP3-25G-DP,issue,1,INC0104824
2026-03-04,NIC-OCP3-25G-DP,issue,1,INC0104870
2026-03-04,NIC-OCP3-25G-DP,order,6,PO-5082
2026-03-14,NIC-OCP3-25G-DP,receipt,6,PO-5082
2026-03-19,NIC-OCP3-25G-DP,issue,1,INC0104912
2026-03-28,NIC-OCP3-25G-DP,issue,1,INC0104936
2026-03-31,NIC-OCP3-25G-DP,issue,1,INC0104947
2026-04-02,NIC-OCP3-25G-DP,issue,1,INC0104948
2026-04-15,NIC-OCP3-25G-DP,issue,1,INC0104996
2026-04-19,NIC-OCP3-25G-DP,issue,1,INC0105003
2026-04-19,NIC-OCP3-25G-DP,order,6,PO-5083
2026-04-20,NIC-OCP3-25G-DP,issue,1,INC0105009
2026-04-23,NIC-OCP3-25G-DP,issue,1,INC0105026
2026-04-24,NIC-OCP3-25G-DP,issue,1,INC0105030
2026-04-28,NIC-OCP3-25G-DP,issue,1,INC0105051
2026-04-28,NIC-OCP3-25G-DP,backorder,1,expedite
2026-05-01,NIC-OCP3-25G-DP,receipt,6,PO-5083
2026-05-01,NIC-OCP3-25G-DP,issue,1,INC0105058
2026-05-03,NIC-OCP3-25G-DP,issue,1,INC0105071
2026-05-20,NIC-OCP3-25G-DP,issue,1,INC0105138
2026-05-20,NIC-OCP3-25G-DP,order,6,PO-5084
2026-05-29,NIC-OCP3-25G-DP,receipt,6,PO-5084
2026-05-31,NIC-OCP3-25G-DP,issue,1,INC0105166
2026-06-03,NIC-OCP3-25G-DP,issue,1,INC0105180
2026-06-04,NIC-OCP3-25G-DP,issue,1,INC0105184
2026-06-04,NIC-OCP3-25G-DP,issue,1,INC0105167
2026-06-11,NIC-OCP3-25G-DP,issue,1,INC0105206
2026-06-22,NIC-OCP3-25G-DP,issue,1,INC0105243
2026-06-22,NIC-OCP3-25G-DP,order,6,PO-5085
2026-07-02,NIC-OCP3-25G-DP,receipt,6,PO-5085
2026-07-12,NIC-OCP3-25G-DP,issue,1,INC0104200
2026-07-14,NIC-OCP3-25G-DP,issue,1,INC0104213
2026-08-12,NIC-OCP3-25G-DP,issue,1,INC0104221
2026-09-12,NIC-OCP3-25G-DP,issue,1,INC0104235
2026-09-21,NIC-OCP3-25G-DP,issue,1,INC0104219
2026-09-25,NIC-OCP3-25G-DP,issue,1,INC0104220
2026-09-25,NIC-OCP3-25G-DP,order,6,PO-5086
2025-11-14,NIC-CX7-100G-DP,issue,1,INC0104477
2025-11-14,NIC-CX7-100G-DP,order,2,PO-5087
2025-11-22,NIC-CX7-100G-DP,issue,1,INC0104511
2025-11-22,NIC-CX7-100G-DP,backorder,1,expedite
2025-12-12,NIC-CX7-100G-DP,issue,1,INC0104584
2025-12-12,NIC-CX7-100G-DP,backorder,1,expedite
2025-12-21,NIC-CX7-100G-DP,receipt,2,PO-5087
2026-04-05,NIC-CX7-100G-DP,issue,1,INC0104959
2026-04-08,NIC-CX7-100G-DP,issue,1,INC0104960
2026-04-08,NIC-CX7-100G-DP,order,2,PO-5088
2026-04-09,NIC-CX7-100G-DP,issue,1,INC0104975
2026-04-09,NIC-CX7-100G-DP,backorder,1,expedite
2026-05-12,NIC-CX7-100G-DP,receipt,2,PO-5088
2026-06-14,NIC-CX7-100G-DP,issue,1,INC0105218
2025-09-26,SFP28-25G-SR,issue,1,INC0104319
2025-09-29,SFP28-25G-SR,issue,1,INC0104332
2025-10-06,SFP28-25G-SR,issue,1,INC0104356
2025-10-22,SFP28-25G-SR,issue,1,INC0104407
2025-10-24,SFP28-25G-SR,issue,1,INC0104413
2025-10-24,SFP28-25G-SR,order,9,PO-5089
2025-10-28,SFP28-25G-SR,issue,1,INC0104428
2025-10-30,SFP28-25G-SR,issue,1,INC0104434
2025-10-31,SFP28-25G-SR,receipt,9,PO-5089
2025-11-08,SFP28-25G-SR,issue,1,INC0104457
2025-11-12,SFP28-25G-SR,issue,1,INC0104471
2025-11-16,SFP28-25G-SR,issue,1,INC0104484
2025-11-16,SFP28-25G-SR,issue,1,INC0104483
2025-11-18,SFP28-25G-SR,issue,1,INC0104494
2025-11-19,SFP28-25G-SR,issue,1,INC0104499
2025-11-25,SFP28-25G-SR,issue,1,INC0104523
2025-11-25,SFP28-25G-SR,order,9,PO-5090
2025-12-01,SFP28-25G-SR,receipt,9,PO-5090
2025-12-05,SFP28-25G-SR,issue,1,INC0104568
2025-12-05,SFP28-25G-SR,issue,1,INC0104566
2025-12-15,SFP28-25G-SR,issue,1,INC0104595
2025-12-21,SFP28-25G-SR,issue,1,INC0104616
2025-12-25,SFP28-25G-SR,issue,1,INC0104624
2026-01-01,SFP28-25G-SR,issue,1,INC0104658
2026-01-05,SFP28-25G-SR,issue,1,INC0104671
2026-01-12,SFP28-25G-SR,issue,1,INC0104682
2026-01-14,SFP28-25G-SR,issue,1,INC0104698
2026-01-14,SFP28-25G-SR,order,9,PO-5091
2026-01-21,SFP28-25G-SR,receipt,9,PO-5091
2026-02-09,SFP28-25G-SR,issue,1,INC0104804
2026-02-22,SFP28-25G-SR,issue,1,INC0104842
2026-02-23,SFP28-25G-SR,issue,1,INC0104845
2026-03-02,SFP28-25G-SR,issue,1,INC0104867
2026-03-04,SFP28-25G-SR,issue,1,INC0104855
2026-03-09,SFP28-25G-SR,issue,1,INC0104878
2026-03-14,SFP28-25G-SR,issue,1,INC0104891
2026-03-24,SFP28-25G-SR,issue,1,INC0104922
2026-03-26,SFP28-25G-SR,issue,1,INC0104930
2026-03-26,SFP28-25G-SR,order,9,PO-5092
2026-03-30,SFP28-25G-SR,receipt,9,PO-5092
2026-04-13,SFP28-25G-SR,issue,1,INC0104986
2026-04-19,SFP28-25G-SR,issue,1,INC0105006
2026-04-28,SFP28-25G-SR,issue,1,INC0105050
2026-04-29,SFP28-25G-SR,issue,1,INC0105039
2026-04-30,SFP28-25G-SR,issue,1,INC0105055
2026-05-04,SFP28-25G-SR,issue,1,INC0105060
2026-05-11,SFP28-25G-SR,issue,1,INC0105100
2026-05-16,SFP28-25G-SR,issue,1,INC0105117
2026-05-20,SFP28-25G-SR,issue,1,INC0105132
2026-05-20,SFP28-25G-SR,order,9,PO-5093
2026-05-25,SFP28-25G-SR,receipt,9,PO-5093
2026-06-04,SFP28-25G-SR,issue,1,INC0105183
2026-06-15,SFP28-25G-SR,issue,1,INC0105221
2026-06-19,SFP28-25G-SR,issue,1,INC0105233
2026-07-07,SFP28-25G-SR,issue,1,INC0104208
2026-07-10,SFP28-25G-SR,issue,1,INC0104217
2026-07-12,SFP28-25G-SR,issue,1,INC0104234
2026-08-03,SFP28-25G-SR,issue,1,INC0104242
2026-08-03,SFP28-25G-SR,issue,1,INC0104229
2026-08-08,SFP28-25G-SR,issue,1,INC0104244
2026-08-08,SFP28-25G-SR,order,9,PO-5094
2026-08-12,SFP28-25G-SR,receipt,9,PO-5094
2026-08-14,SFP28-25G-SR,issue,1,INC0104246
2026-08-15,SFP28-25G-SR,issue,1,INC0104248
2026-08-19,SFP28-25G-SR,issue,1,INC0104210
2026-08-19,SFP28-25G-SR,issue,1,INC0104204
2026-08-19,SFP28-25G-SR,issue,1,INC0104212
2026-08-23,SFP28-25G-SR,issue,1,INC0104211
2026-08-24,SFP28-25G-SR,issue,1,INC0104222
2026-08-26,SFP28-25G-SR,issue,1,INC0104215
2026-08-27,SFP28-25G-SR,issue,1,INC0104223
2026-08-27,SFP28-25G-SR,order,9,PO-5095
2026-08-28,SFP28-25G-SR,issue,1,INC0104205
2026-08-29,SFP28-25G-SR,issue,1,INC0104216
2026-08-29,SFP28-25G-SR,issue,1,INC0104228
2026-08-29,SFP28-25G-SR,backorder,1,expedite
2026-08-30,SFP28-25G-SR,issue,1,INC0104199
2026-08-30,SFP28-25G-SR,backorder,1,expedite
2026-08-31,SFP28-25G-SR,receipt,9,PO-5095
2026-09-02,SFP28-25G-SR,issue,1,INC0104241
2026-09-05,SFP28-25G-SR,issue,1,INC0104214
2026-09-08,SFP28-25G-SR,issue,1,INC0104237
2026-09-10,SFP28-25G-SR,issue,1,INC0104232
2026-09-10,SFP28-25G-SR,issue,1,INC0104236
2026-09-15,SFP28-25G-SR,issue,1,INC0104227
2026-09-16,SFP28-25G-SR,issue,1,INC0104209
2026-09-16,SFP28-25G-SR,order,9,PO-5096
2026-09-17,SFP28-25G-SR,issue,1,INC0104238
2026-09-18,SFP28-25G-SR,issue,1,INC0104239
2026-09-23,SFP28-25G-SR,receipt,9,PO-5096
2025-10-10,QSFP28-100G-SR4,issue,1,INC0104370
2025-10-10,QSFP28-100G-SR4,order,2,PO-5097
2025-10-13,QSFP28-100G-SR4,issue,1,INC0104385
2025-10-23,QSFP28-100G-SR4,receipt,2,PO-5097
2026-01-05,QSFP28-100G-SR4,issue,1,INC0104668
2026-01-05,QSFP28-100G-SR4,order,2,PO-5098
2026-01-10,QSFP28-100G-SR4,issue,1,INC0104670
2026-01-16,QSFP28-100G-SR4,receipt,2,PO-5098
2026-01-22,QSFP28-100G-SR4,issue,1,INC0104732
2026-01-22,QSFP28-100G-SR4,order,2,PO-5099
2026-01-29,QSFP28-100G-SR4,issue,1,INC0104753
2026-01-30,QSFP28-100G-SR4,issue,1,INC0104757
2026-01-30,QSFP28-100G-SR4,order,2,PO-5100
2026-02-03,QSFP28-100G-SR4,receipt,2,PO-5099
2026-02-09,QSFP28-100G-SR4,issue,1,INC0104805
2026-02-13,QSFP28-100G-SR4,receipt,2,PO-5100
2026-02-22,QSFP28-100G-SR4,issue,1,INC0104841
2026-02-22,QSFP28-100G-SR4,order,2,PO-5101
2026-03-06,QSFP28-100G-SR4,receipt,2,PO-5101
2026-05-30,QSFP28-100G-SR4,issue,1,INC0105163
2026-06-02,QSFP28-100G-SR4,issue,1,INC0105164
2026-06-02,QSFP28-100G-SR4,order,2,PO-5102
2026-06-05,QSFP28-100G-SR4,issue,1,INC0105187
2026-06-14,QSFP28-100G-SR4,receipt,2,PO-5102
2026-07-04,QSFP28-100G-SR4,issue,1,INC0104255
2026-07-04,QSFP28-100G-SR4,order,2,PO-5103
2026-07-15,QSFP28-100G-SR4,receipt,2,PO-5103
2026-09-19,QSFP28-100G-SR4,issue,1,INC0104253
2025-10-04,CBL-DAC-25G-3M,issue,1,INC0105263
2025-10-13,CBL-DAC-25G-3M,issue,1,INC0104384
2025-10-13,CBL-DAC-25G-3M,issue,1,INC0104386
2025-10-15,CBL-DAC-25G-3M,issue,1,INC0104391
2025-10-18,CBL-DAC-25G-3M,issue,1,INC0104403
2025-10-18,CBL-DAC-25G-3M,order,8,PO-5104
2025-10-22,CBL-DAC-25G-3M,receipt,8,PO-5104
2025-10-23,CBL-DAC-25G-3M,issue,1,INC0104411
2025-10-23,CBL-DAC-25G-3M,issue,1,INC0105269
2025-10-30,CBL-DAC-25G-3M,issue,1,INC0104435
2025-10-31,CBL-DAC-25G-3M,issue,1,INC0104437
2025-11-20,CBL-DAC-25G-3M,issue,1,INC0105282
2025-12-05,CBL-DAC-25G-3M,issue,1,INC0104567
2025-12-05,CBL-DAC-25G-3M,order,8,PO-5105
2025-12-10,CBL-DAC-25G-3M,receipt,8,PO-5105
2026-01-04,CBL-DAC-25G-3M,issue,1,INC0104666
2026-01-11,CBL-DAC-25G-3M,issue,1,INC0104703
2026-01-24,CBL-DAC-25G-3M,issue,1,INC0104738
2026-02-17,CBL-DAC-25G-3M,issue,1,INC0104829
2026-02-17,CBL-DAC-25G-3M,issue,1,INC0105318
2026-02-18,CBL-DAC-25G-3M,issue,1,INC0105319
2026-02-18,CBL-DAC-25G-3M,order,8,PO-5106
2026-02-22,CBL-DAC-25G-3M,receipt,8,PO-5106
2026-02-28,CBL-DAC-25G-3M,issue,1,INC0104860
2026-03-10,CBL-DAC-25G-3M,issue,1,INC0105328
2026-03-26,CBL-DAC-25G-3M,issue,1,INC0105335
2026-03-26,CBL-DAC-25G-3M,issue,1,INC0105336
2026-03-27,CBL-DAC-25G-3M,issue,1,INC0104935
2026-03-27,CBL-DAC-25G-3M,order,8,PO-5107
2026-03-31,CBL-DAC-25G-3M,receipt,8,PO-5107
2026-04-05,CBL-DAC-25G-3M,issue,1,INC0104958
2026-04-07,CBL-DAC-25G-3M,issue,1,INC0104968
2026-04-13,CBL-DAC-25G-3M,issue,1,INC0104985
2026-04-17,CBL-DAC-25G-3M,issue,1,INC0105347
2026-04-21,CBL-DAC-25G-3M,issue,1,INC0105350
2026-04-23,CBL-DAC-25G-3M,issue,1,INC0105351
2026-04-23,CBL-DAC-25G-3M,order,8,PO-5108
2026-04-30,CBL-DAC-25G-3M,receipt,8,PO-5108
2026-05-09,CBL-DAC-25G-3M,issue,1,INC0105359
2026-05-24,CBL-DAC-25G-3M,issue,1,INC0105145
2026-06-12,CBL-DAC-25G-3M,issue,1,INC0105214
2026-06-15,CBL-DAC-25G-3M,issue,1,INC0105220
2026-06-21,CBL-DAC-25G-3M,issue,1,INC0105237
2026-07-19,CBL-DAC-25G-3M,issue,1,INC0104224
2026-07-19,CBL-DAC-25G-3M,order,8,PO-5109
2026-07-22,CBL-DAC-25G-3M,issue,1,INC0104225
2026-07-23,CBL-DAC-25G-3M,receipt,8,PO-5109
2026-07-24,CBL-DAC-25G-3M,issue,1,INC0104203
2026-07-28,CBL-DAC-25G-3M,issue,1,INC0104206
2026-08-05,CBL-DAC-25G-3M,issue,1,INC0104202
2026-08-07,CBL-DAC-25G-3M,issue,1,INC0104233
2026-08-18,CBL-DAC-25G-3M,issue,1,INC0104251
2026-08-19,CBL-DAC-25G-3M,issue,1,INC0104230
2026-08-20,CBL-DAC-25G-3M,issue,1,INC0104249
2026-08-20,CBL-DAC-25G-3M,order,8,PO-5110
2026-08-22,CBL-DAC-25G-3M,issue,1,INC0104218
2026-08-25,CBL-DAC-25G-3M,receipt,8,PO-5110
2026-09-03,CBL-DAC-25G-3M,issue,1,INC0104207
2026-09-08,CBL-DAC-25G-3M,issue,1,INC0104252
